video_id,trending_date,title,channel_title,category_id,publish_time,tags,views,likes,dislikes,comment_count,thumbnail_link,comments_disabled,ratings_disabled,video_error_or_removed,description
2kyS6SvSYSE,17.14.11,WE WANT TO TALK ABOUT OUR MARRIAGE,CaseyNeistat,22,2017-11-13T17:13:01.000Z,SHANtell martin,748374,57527,2966,15954,https://i.ytimg.com/vi/2kyS6SvSYSE/default.jpg,FALSE,FALSE,FALSE,SHANTELL'S CHANNEL - https://www.youtube.com/shantellmartin\nCANDICE - https://www.lovebilly.com\n\nfilmed this video in 4k on this -- http://amzn.to/2sTDnRZ\nwith this lens -- http://amzn.to/2rUJOmD\nbig drone - http://tinyurl.com/h4ft3oy\nOTHER GEAR ---  http://amzn.to/2o3GLX5\nSony CAMERA http://amzn.to/2nOBmnv\nOLD CAMERA; http://amzn.to/2o2cQBT\nMAIN LENS; http://amzn.to/2od5gBJ\nBIG SONY CAMERA; http://amzn.to/2nrdJRO\nBIG Canon CAMERA; http://tinyurl.com/jn4q4vz\nBENDY TRIPOD THING; http://tinyurl.com/gw3ylz2\nYOU NEED THIS FOR THE BENDY TRIPOD; http://tinyurl.com/j8mzzua\nWIDE LENS; http://tinyurl.com/jkfcm8t\nMORE EXPENSIVE WIDE LENS; http://tinyurl.com/zrdgtou\nSMALL CAMERA; http://tinyurl.com/hrrzhor\nMICROPHONE; http://tinyurl.com/zefm4jy\nOTHER MICROPHONE; http://tinyurl.com/jxgpj86\nOLD DRONE (cheaper but still great);http://tinyurl.com/zcfmnmd\n\nfollow me; on http://instagram.com/caseyneistat\non https://www.facebook.com/cneistat\non https://twitter.com/CaseyNeistat\n\namazing intro song by https://soundcloud.com/discoteeth\n\nad disclosure.  THIS IS NOT AN AD.  not selling or promoting anything.  but samsung did produce the Shantell Video as a 'GALAXY PROJECT' which is an initiative that enables creators like Shantell and me to make projects we might otherwise not have the opportunity to make.  hope that's clear.  if not ask in the comments and i'll answer any specifics.
1ZAPwfrtAFY,17.14.11,The Trump Presidency: Last Week Tonight with John Oliver (HBO),LastWeekTonight,24,2017-11-13T07:30:00.000Z,last week tonight trump presidency|"last week tonight donald trump"|"john oliver trump"|"donald trump",2418783,97185,6146,12703,https://i.ytimg.com/vi/1ZAPwfrtAFY/default.jpg,FALSE,FALSE,FALSE,"One year after the presidential election, John Oliver discusses what we've learned so far and enlists our catheter cowboy to teach Donald Trump what he hasn't.\n\nConnect with Last Week Tonight online...\n\nSubscribe to the Last Week Tonight YouTube channel for more almost news as it almost happens: www.youtube.com/user/LastWeekTonight\n\nFind Last Week Tonight on Facebook like your mom would: http://Facebook.com/LastWeekTonight\n\nFollow us on Twitter for news about jokes and jokes about news: http://Twitter.com/LastWeekTonight\n\nVisit our official site for all that other stuff at once: http://www.hbo.com/lastweektonight"
5qpjK5DgCt4,17.14.11,"Racist Superman | Rudy Mancuso, King Bach & Lele Pons",Rudy Mancuso,23,2017-11-12T19:05:24.000Z,racist superman|"rudy"|"mancuso"|"king"|"bach"|"racist"|"superman"|"love"|"rudy mancuso poo bear black white official music video"|"iphone x by pineapple"|"lelepons"|"hannahstocking"|"rudymancuso"|"inanna"|"anwar"|"sarkis"|"shots"|"shotsstudios"|"alesso"|"anitta"|"brazil"|"Getting My Driver's License | Lele Pons",3191434,146033,5339,8181,https://i.ytimg.com/vi/5qpjK5DgCt4/default.jpg,FALSE,FALSE,FALSE,WATCH MY PREVIOUS VIDEO ▶ \n\nSUBSCRIBE ► https://www.youtube.com/channel/UC5jkXpfnBhlDjqh0ir5FsIQ?sub_confirmation=1\n\nTHANKS FOR WATCHING! LIKE & SUBSCRIBE FOR MORE VIDEOS!\n-----------------------------------------------------------\nFIND ME ON: \nInstagram | http://instagram.com/rudymancuso\nTwitter | http://twitter.com/rudymancuso\nFacebook | http://facebook.com/rudymancuso\n\nCAST: \nRudy Mancuso | http://youtube.com/c/rudymancuso\nLele Pons | http://youtube.com/c/lelepons\nKing Bach | https://youtube.com/user/BachelorsPadTv\n\nVideo Effects: \nCaleb Natale | https://instagram.com/calebnatale\n\nPA:\nPaulina Gregory\n\n\nShots Studios Channels:\nAlesso | https://youtube.com/c/alesso\nAnitta | http://youtube.com/c/anitta\nAnwar Jibawi | http://youtube.com/c/anwar\nAwkward Puppets | http://youtube.com/c/awkwardpuppets\nHannah Stocking | http://youtube.com/c/hannahstocking\nInanna Sarkis | http://youtube.com/c/inanna\nLele Pons | http://youtube.com/c/lelepons\nMaejor | http://youtube.com/c/maejor\nMike Tyson | http://youtube.com/c/miketyson \nRudy Mancuso | http://youtube.com/c/rudymancuso\nShots Studios | http://youtube.com/c/shots\n\n#Rudy\n#RudyMancuso
puqaWrEC7tY,17.14.11,Nickelback Lyrics: Real or Fake?,Good Mythical Morning,24,2017-11-13T11:00:04.000Z,rhett and link|"gmm"|"good mythical morning"|"rhett and link good mythical morning"|"good mythical morning rhett and link"|"mythical morning"|"Season 12"|"nickelback lyrics"|"nickelback lyrics real or fake"|"nickelback"|"nickelback songs"|"nickelback song"|"rhett link nickelback"|"gmm nickelback"|"lyrics (website category)"|"nickelback (musical group)"|"rock"|"music"|"lyrics"|"chad kroeger"|"canada"|"music (industry)"|"mythical"|"gmm challenge"|"comedy"|"funny"|"challenge",343168,10172,666,2146,https://i.ytimg.com/vi/puqaWrEC7tY/default.jpg,FALSE,FALSE,FALSE,Today we find out if Link is a Nickelback amateur or a secret Nickelback devotee. GMM #1218\nDon't miss an all new Ear Biscuits: https://goo.gl/xeZNQt\nWatch Part 4: https://youtu.be/MhCdiiB8CQg | Watch Part 2: https://youtu.be/7qiOrNao9fg\nWatch today's episode from the start: http://bit.ly/GMM1218\n\nPick up all of the official GMM merch only at https://mythical.store\n\nFollow Rhett & Link: \nInstagram: https://instagram.com/rhettandlink\nFacebook: https://facebook.com/rhettandlink\nTwitter: https://twitter.com/rhettandlink\nTumblr: https://rhettandlink.tumblr.com\nSnapchat: @realrhettlink\nWebsite: https://mythical.co/\n\nCheck Out Our Other Mythical Channels:\nGood Mythical MORE: https://youtube.com/goodmythicalmore\nRhett & Link: https://youtube.com/rhettandlink\nThis Is Mythical: https://youtube.com/thisismythical\nEar Biscuits: https://applepodcasts.com/earbiscuits\n\nWant to send us something? https://mythical.co/contact\nHave you made a Wheel of Mythicality intro video? Submit it here: https://bit.ly/GMMWheelIntro\n\nIntro Animation by Digital Twigs: https://www.digitaltwigs.com\nIntro & Outro Music by Jeff Zeigler & Sarah Schimeneck https://www.jeffzeigler.com\nWheel of Mythicality theme: https://www.royaltyfreemusiclibrary.com/\nAll Supplemental Music fromOpus 1 Music: https://opus1.sourceaudio.com/\nWe use ‘The Mouse’ by Blue Microphones https://www.bluemic.com/mouse/
d380meD0W0M,17.14.11,I Dare You: GOING BALD!?,nigahiga,24,2017-11-12T18:01:41.000Z,ryan|"higa"|"higatv"|"nigahiga"|"i dare you"|"idy"|"rhpc"|"dares"|"no truth"|"comments"|"comedy"|"funny"|"stupid"|"fail",2095731,132235,1989,17518,https://i.ytimg.com/vi/d380meD0W0M/default.jpg,FALSE,FALSE,FALSE,"I know it's been a while since we did this show, but we're back with what might be the best episode yet!\nLeave your dares in the comment section! \n\nOrder my book how to write good \nhttp://higatv.com/ryan-higas-how-to-write-good-pre-order-links/\n\nJust Launched New Official Store\nhttps://www.gianthugs.com/collections/ryan\n\nHigaTV Channel\nhttp://www.youtube.com/higatv\n\nTwitter\nhttp://www.twitter.com/therealryanhiga\n\nFacebook\nhttp://www.facebook.com/higatv\n\nWebsite\nhttp://www.higatv.com\n\nInstagram\nhttp://www.instagram.com/notryanhiga\n\nSend us mail or whatever you want here!\nPO Box 232355\nLas Vegas, NV 89105"
gHZ1Qz0KiKM,17.14.11,2 Weeks with iPhone X,iJustine,28,2017-11-13T19:07:23.000Z,ijustine|"week with iPhone X"|"iphone x"|"apple"|"iphone"|"iphone x review"|"iphone x unboxing",119180,9763,511,1434,https://i.ytimg.com/vi/gHZ1Qz0KiKM/default.jpg,FALSE,FALSE,FALSE,Using the iPhone for the past two weeks -- here's my thoughts!\nAll my iPhone X Videos: https://www.youtube.com/watch?v=vqztGUwhRlQ&list=PLoYRB6C09WUDbCndtEDELX-Fpk_pgATvF\n► SUBSCRIBE FOR MORE VIDEOS: http://www.youtube.com/subscription_center?add_user=ijustine\n► Get my BOOK! http://ijustinebook.com\n► Get my iOS 10 STICKERS! http://ijustinestickers.com\n\n▼ SOCIAL\nhttp://instagram.com/ijustine\nhttp://facebook.com/ijustine\nhttp://twitter.com/ijustine\nSnapchat: iJustine\n\n————————————\n\n▼ STUFF I USE TO MAKE VIDEOS\n\nSony rx100 V - http://amzn.to/2jesbxA\nG7X ii - http://amzn.to/2f6n2Bs\nCanon 80D - http://amzn.to/2eRKhQo\nSony A7s ii - http://amzn.to/2ebLR16\nSony a6500 - http://amzn.to/2okeG2a\nGoPro Hero 5 - http://amzn.to/2e1KyhM\nGoPro Hero 5 Session - http://amzn.to/2oksMQT\nEpidemic Sound - https://goo.gl/Pe7GTL \n\nFavorite lenses: \nCanon EF 24-70mm - http://amzn.to/2dT7mFr\nCanon EF-S 10-18mm - http://amzn.to/2dT62SU\nSony 16-35mm (full frame) - http://amzn.to/2ftPaTf\nSony Distagon 35mm (full frame) - http://amzn.to/2oB0XQj\nSony 10-18mm wide angle - http://amzn.to/2e1Myqz\n\nRode Small on camera microphone - http://amzn.to/2fkiVGJ\nRode Larger (battery required) microphone - http://amzn.to/2ftNkl8\nSony XLR adapter Microphone - http://amzn.to/2kCcIDH\nSmall Sony Microphone - http://amzn.to/2oX7Eih\n\nFavorite SD Card - http://amzn.to/2oWRGoD\n\nDJI Mavic Pro - http://amzn.to/2f6nL5E\nPhantom 4 Pro - http://amzn.to/2pbDrN1\nPhantom 4 Pro Plus  - http://amzn.to/2oX63Jz
39idVpFF7NQ,17.14.11,Roy Moore & Jeff Sessions Cold Open - SNL,Saturday Night Live,24,2017-11-12T05:37:17.000Z,SNL|"Saturday Night Live"|"SNL Season 43"|"Episode 1730"|"Tiffany Haddish"|"Roy Moore"|"Mikey Day"|"Mike Pence"|"Beck Bennett"|"Jeff Sessions"|"Kate McKinnon"|"s43"|"s43e5"|"episode 5"|"live"|"new york"|"comedy"|"sketch"|"funny"|"hilarious"|"late night"|"host"|"music"|"guest"|"laugh"|"impersonation"|"actor"|"improv"|"musician"|"comedian"|"actress"|"If Loving You Is Wrong"|"Oprah Winfrey"|"OWN"|"Girls Trip"|"The Carmichael Show"|"Keanu"|"Taylor Swift"|"Reputation"|"Look What You Made Me Do"|"ready for it?"|"cold open",2103417,15993,2445,1970,https://i.ytimg.com/vi/39idVpFF7NQ/default.jpg,FALSE,FALSE,FALSE,Embattled Alabama Senate candidate Roy Moore (Mikey Day) meets with Vice President Mike Pence (Beck Bennett) and Attorney General Jeff Sessions (Kate McKinnon).\n\n#SNL #SNL43\n\nGet more SNL: http://www.nbc.com/saturday-night-live\nFull Episodes: http://www.nbc.com/saturday-night-liv...\n\nLike SNL: https://www.facebook.com/snl\nFollow SNL: https://twitter.com/nbcsnl\nSNL Tumblr: http://nbcsnl.tumblr.com/\nSNL Instagram: http://instagram.com/nbcsnl \nSNL Pinterest: http://www.pinterest.com/nbcsnl/
nc99ccSXST0,17.14.11,5 Ice Cream Gadgets put to the Test,CrazyRussianHacker,28,2017-11-12T21:50:37.000Z,5 Ice Cream Gadgets|"Ice Cream"|"Cream Sandwich Maker"|"gadgets"|"gadget review"|"review"|"unboxing"|"kitchen gadgets"|"Gadgets put to the Test"|"testing"|"10 Kitchen Gadgets"|"7 Camping Coffee Gadgets"|"10 Kitchen Gadgets put to the Test",817732,23663,778,3432,https://i.ytimg.com/vi/nc99ccSXST0/default.jpg,FALSE,FALSE,FALSE,"Ice Cream Pint Combination Lock - http://amzn.to/2ACipdI\nMini Ice Cream Sandwich Maker - http://amzn.to/2ACiX3g\nMotorized Ice Cream Cone - http://amzn.to/2jkrYdg\nBall Ice Cream Maker - http://amzn.to/2AEbtwE\nScoop and Stack - http://amzn.to/2zEMhGo\n\nSubscribe to: \n2nd channel - https://www.youtube.com/user/origami768\ninstagram https://instagram.com/crazyrussianhacker/\nfacebook - https://www.facebook.com/CrazyRussianHacker\n\nDON'T TRY THIS AT HOME!\n\nBusiness email: crh.inquire@gmail.com\n\nFAN MAIL:  \nCRAZY RUSSIAN HACKER\nP.O. Box 49\nWaynesville, NC 28786\n\nDISCLAIMER: In this video description contains affiliate links, which means that if you click on one of the product links, I’ll receive a small commission."
jr9QtXwC9vc,17.14.11,The Greatest Showman | Official Trailer 2 [HD] | 20th Century FOX,20th Century Fox,1,2017-11-13T14:00:23.000Z,Trailer|"Hugh Jackman"|"Michelle Williams"|"Zac Efron"|"Zendaya"|"Rebecca Ferguson"|"pasek and paul"|"la la land"|"moulin rouge"|"high school musical"|"hugh jackman musical"|"zac efron musical"|"musical"|"the greatest showman"|"greatest showman"|"Michael Gracey"|"P.T. Barnum"|"Barnum and Bailey"|"Barnum Circus"|"Barnum and Bailey Circus"|"20th century fox"|"greatest showman trailer"|"trailer"|"official trailer"|"the greatest showman trailer"|"logan"|"Benj Pasek"|"Justin Paul",826059,3543,119,340,https://i.ytimg.com/vi/jr9QtXwC9vc/default.jpg,FALSE,FALSE,FALSE,"Inspired by the imagination of P.T. Barnum, The Greatest Showman is an original musical that celebrates the birth of show business & tells of a visionary who rose from nothing to create a spectacle that became a worldwide sensation.\n\nIn Theaters This Christmas\n\nDirected By Michael Gracey\nCast: Hugh Jackman, Michelle Williams, Zac Efron, Zendaya, Rebecca Ferguson\n\nSUBSCRIBE: http://bit.ly/FOXSubscribe\n\n\nVisit the Official Site Here: http://www.foxmovies.com/movies/the-greatest-showman\nLike The Greatest Showman on FACEBOOK: http://fox.co/GreatestShowmanFB\nFollow The Greatest Showman on TWITTER: http://fox.co/GreatestShowmanTW\nFollow The Greatest Showman on INSTAGRAM: http://fox.co/GreatestShowmanIG\n\n#GreatestShowman\n\nAbout 20th Century FOX:\nOfficial YouTube Channel for 20th Century Fox Movies. Home of Avatar, Aliens, X-Men, Die Hard, Deadpool, Ice Age, Alvin and the Chipmunks, Rio, Peanuts, Maze Runner, Planet of the Apes, Wolverine and many more.\n\nConnect with 20th Century FOX Online:\nVisit the 20th Century FOX WEBSITE: http://bit.ly/FOXMovie\nLike 20th Century FOX on FACEBOOK: http://bit.ly/FOXFacebook\nFollow 20th Century FOX on TWITTER: http://bit.ly/TwitterFOX\n\nThe Greatest Showman | Official Trailer 2 [HD] | 20th Century FOX\nhttp://www.youtube.com/user/FoxMovies"
TUmyygCMMGA,17.14.11,Why the rise of the robots won’t mean the end of work,Vox,25,2017-11-13T13:45:16.000Z,vox.com|"vox"|"explain"|"shift change"|"future of work"|"automation"|"robots"|"jobs"|"technological unemployment"|"joss fong"|"heidi shierholz"|"martin ford"|"rise of the robots"|"humans"|"workers"|"employment"|"economics"|"macroeconomics"|"silicon valley"|"basic income",256426,12654,1363,2368,https://i.ytimg.com/vi/TUmyygCMMGA/default.jpg,FALSE,FALSE,FALSE,"For now, at least, we have better things to worry about.\n\n\nSubscribe to our channel! http://goo.gl/0bsAjO\n\nSources: \nhttps://economics.mit.edu/files/11563\nhttps://www.aeaweb.org/full_issue.php?doi=10.1257/jep.29.3#page=33\nhttp://voxeu.org/article/how-computer-automation-affects-occupations\nhttps://www.opensocietyfoundations.org/sites/default/files/future-work-lit-review-20150428.pdf\nhttps://obamawhitehouse.archives.gov/sites/whitehouse.gov/files/documents/Artificial-Intelligence-Automation-Economy.PDF\nhttps://www.vox.com/2015/7/27/9038829/automation-myth\nhttps://www.amazon.com/dp/B00PWX7RPG/ref=dp-kindle-redirect\nhttps://www.amazon.com/Second-Machine-Age-Prosperity-Technologies-ebook/dp/B00D97HPQI/ref=sr_1_1\nhttps://www.amazon.com/New-Division-Labor-Computers-Creating/dp/0691124027/ref=sr_1_1?\nhttps://www.oxfordmartin.ox.ac.uk/downloads/academic/The_Future_of_Employment.pdf\n\nClips:\nhttps://www.youtube.com/watch?v=VTlV0Y5yAww\nhttps://www.youtube.com/watch?v=_luhn7TLfWU\nhttps://www.youtube.com/watch?v=rVlhMGQgDkY\nhttps://www.youtube.com/watch?v=rCoFKUJ_8Yo\nhttps://www.youtube.com/watch?v=yeyn9zzrC84\nhttps://www.youtube.com/watch?v=7Pq-S557XQU\nhttps://www.youtube.com/watch?v=WSKi8HfcxEk\n\n///\n\nRecent advancements in artificial intelligence and robotics have commentators worrying about the coming obsolescence of the human worker. Some in Silicon Valley are even calling for a basic minimum income provided by the government for everyone, under the assumption that work will become scarce. But many economists are skeptical of these claims, because the notion that the the economy offers a fixed amount of work has been debunked time and time again over the centuries and current economic data show no signs of a productivity boom. Fortunately, we don't need to divine the future of the labor market in order to prepare for it. \n\n///\n\nVox.com is a news website that helps you cut through the noise and understand what's really driving the events in the headlines. Check out http://www.vox.com to get up to speed on everything from Kurdistan to the Kim Kardashian app. \n\nCheck out our full video catalog: http://goo.gl/IZONyE\nFollow Vox on Twitter: http://goo.gl/XFrZ5H\nOr on Facebook: http://goo.gl/U2g06o"
9wRQljFNDW8,17.14.11,Dion Lewis' 103-Yd Kick Return TD vs. Denver! | Can't-Miss Play | NFL Wk 10 Highlights,NFL,17,2017-11-13T02:05:26.000Z,NFL|"Football"|"offense"|"defense"|"afc"|"nfc"|"American Football"|"highlight"|"highlights"|"game"|"games"|"sport"|"sports"|"action"|"play"|"plays"|"season"|"2017"|"rookie"|"rookies"|"recap"|"run"|"sprint"|"catch"|"huge"|"amazing"|"touchdown"|"td"|"week 9"|"wk 9"|"new england"|"patriots"|"pats"|"denver"|"broncos"|"lewis"|"kickoff"|"kick return"|"return td"|"special teams"|"sp:dt=2017-11-12T20:30:00-05:00"|"sp:vl=en-US"|"sp:st=football"|"sp:li=nfl"|"sp:ti:home=Den"|"sp:ti:away=NE"|"sp:scp=athlete_in_match"|"sp:ty=high"|"nfl-lewdio",81377,655,25,177,https://i.ytimg.com/vi/9wRQljFNDW8/default.jpg,FALSE,FALSE,FALSE,"New England Patriots returner Dion Lewis blasts off for an amazing kickoff return touchdown against the Denver Broncos in Week 10 of the 2017 NFL Season.\n\nWatch full games with NFL Game Pass: https://www.nfl.com/gamepass?campaign=sp-nf-gd-ot-yt-3000342\n\nSign up for Fantasy Football! http://www.nfl.com/fantasyfootball\n\nSubscribe to NFL: http://j.mp/1L0bVBu\n\nThe NFL YouTube channel is your home for immediate in-game highlights from your favorite teams and players, full NFL games, behind the scenes access and more!\n\nCheck out our other channels:\nNFL Network http://www.youtube.com/nflnetwork\nNFL Films http://www.youtube.com/nflfilms\n\nFor all things NFL, visit the league's official website at http://www.nfl.com/\n\nWatch NFL Now: https://www.nfl.com/now\nListen to NFL podcasts: http://www.nfl.com/podcasts\nWatch the NFL network: http://nflnonline.nfl.com/\nDownload the NFL mobile app: https://www.nfl.com/apps\n2017 NFL Schedule: http://www.nfl.com/schedules\nBuy tickets to watch your favorite team:  http://www.nfl.com/tickets\nShop NFL: http://www.nflshop.com/source/bm-nflcom-Header-Shop-Tab\n\nLike us on Facebook: https://www.facebook.com/NFL\nFollow us on Twitter: https://twitter.com/NFL\nFollow us on Instagram: https://instagram.com/nfl/\nFind us on Snapchat"
VifQlJit6A0,17.14.11,(SPOILERS) 'Shiva Saves the Day' Talked About Scene Ep. 804 | The Walking Dead,amc,24,2017-11-13T03:00:00.000Z,The Walking Dead|"shiva"|"tiger"|"king ezekiel"|"episode 804"|"episode 4"|"some guy"|"sad"|"zombies"|"all out war"|"war"|"walkers"|"the kingdom"|"the saviors"|"Rick"|"Rick Grimes"|"Negan"|"Ezekiel"|"Daryl"|"Michonne"|"Morgan"|"Carl"|"Dwight"|"Jeffrey Dean Morgan"|"Andrew Lincoln"|"Norman Reedus"|"Danai Gurira"|"Lennie James"|"robert kirkman"|"scott m. gimple"|"apocalypse"|"season"|"season 8"|"alexandria"|"AMC"|"tv"|"tv show"|"television"|"11/12_TWD"|"Featured",104578,1576,303,1279,https://i.ytimg.com/vi/VifQlJit6A0/default.jpg,FALSE,FALSE,FALSE,"Shiva arrives just in time as King Ezekiel attempts to take out an army of walkers.\n\n#TheWalkingDead #TWD #AllOutWar\n\nFor more The Walking Dead videos: http://goo.gl/qJOZ6n\n\n(SPOILERS) Talked About Scene from The Walking Dead: Season 8, Episode 4\n\nSubscribe to the AMC YouTube Channel : http://goo.gl/qSMzej\nThe Walking Dead: https://goo.gl/jzTTCb\nSign Up for the The Walking Dead Newsletter : http://www.amc.com/shows/the-walking-dead/exclusives/newsletter-subscription\nThe Walking Dead on Facebook: https://www.facebook.com/TheWalkingDeadAMC/ \nThe Walking Dead on Twitter: https://twitter.com/WalkingDead_AMC \nSign Up for the AMC Newsletter : http://www.amc.com/newsletter-subscription\nAMC : http://www.amc.com/\nAMC on Facebook : https://www.facebook.com/amc\nAMC on Twitter : http://twitter.com/AMC_TV"
5E4ZBSInqUU,17.14.11,Marshmello - Blocks (Official Music Video),marshmello,10,2017-11-13T17:00:00.000Z,marshmello|"blocks"|"marshmello blocks"|"blocks music video"|"marshmello music video"|"roblox bully story"|"marshmello alone"|"roblox"|"cuphead"|"marshmello nightcore"|"marshmello musically"|"music for kids"|"happy music"|"videos that make you happy"|"sad songs"|"childrens music"|"joytime"|"marshmello joytime"|"frat bro"|"band"|"high school"|"crush"|"mellogang",687582,114188,1333,8371,https://i.ytimg.com/vi/5E4ZBSInqUU/default.jpg,FALSE,FALSE,FALSE,"WATCH SILENCE MUSIC VIDEO ▶ https://youtu.be/Tx1sqYc3qas\nWATCH YOU & ME MUSIC VIDEO ▶ https://youtu.be/fiusxyygqGk\nWATCH FIND ME MUSIC VIDEO ▶ https://youtu.be/ymq1WdGUcw8\nWATCH MOVING ON MUSIC VIDEO ▶ https://youtu.be/yU0tnrEk8H4\nWATCH SUMMER MUSIC VIDEO ▶ https://youtu.be/2vMH8lITTCE\nWATCH ALONE MUSIC VIDEO ▶ https://youtu.be/ALZHF5UqnU4\nWATCH KEEP IT MELLO MUSIC VIDEO ▶ https://youtu.be/_J_VpmXAzqg\n\nSUBSCRIBE HERE ▶ http://www.youtube.com/marshmellomusic?sub_confirmation=1\n\nMARSHMELLO: \nSpotify | http://spoti.fi/2lxqzzm\nSoundCloud | http://soundcloud.com/marshmellomusic\nInstagram | http://instagram.com/marshmellomusic\nTwitter | http://twitter.com/marshmellomusic\nFacebook | http://facebook.com/marshmellomusic\nMerch | https://shop.marshmellomusic.com/\n\nCREDITS:\nAgency: MGX Creative\nDirector: Daniel Burke\nCreative Directors: Daniel Malikyar, Karam Gill\nExecutive Producer: Ryan Huffman\nProducer: Andrew Chennisi\nDP: Ian Quill\nProduction Designer: John Richoux\nEditor: Karl Jungquist\nColorist: Tyler Roth"
GgVmn66oK_A,17.14.11,Which Countries Are About To Collapse?,NowThis World,25,2017-11-12T14:00:00.000Z,nowthis|"nowthis world"|"world news"|"nowthis news"|"international news"|"countries"|"collapse"|"failing countries"|"war in the world"|"fragile states"|"the fragile states index"|"fund for peace"|"social"|"economic"|"political"|"which countries are failing"|"Central African Republic"|"CAR"|"countries that are sinking"|"countries that are dying"|"countries that are going to disappear"|"Somalia"|"colonization"|"dictatorship"|"south sudan",544770,7848,1171,3981,https://i.ytimg.com/vi/GgVmn66oK_A/default.jpg,FALSE,FALSE,FALSE,"The world at large is improving, but some countries and their governments are struggling to even function. Although disputed, to find out which three are the most likely to collapse, check out this video.\n» Subscribe to NowThis World: http://go.nowth.is/World_Subscribe\n» Follow us on Twitter: http://go.nowth.is/NowThisWorld_Twitter\n\nConnect with NowThis\n» Subscribe to NowThis News: http://go.nowth.is/News_Subscribe\n» Like us on Facebook: http://go.nowth.is/News_Facebook\n» Tweet us on Twitter: http://go.nowth.is/News_Twitter\n» Follow us on Instagram: http://go.nowth.is/News_Instagram\n» Find us on Snapchat Discover: http://go.nowth.is/News_Snapchat\n\nNowThis World is dedicated to bringing you topical explainers about the world around you. Check back in for new videos every Sunday, Tuesday, and Thursday at 9am ET.\n\nhttp://www.youtube.com/nowthisworld"
TaTleo4cOs8,17.14.11,SHOPPING FOR NEW FISH!!!,The king of DIY,15,2017-11-12T18:30:01.000Z,shopping for new fish|"new fish"|"aquarium fish"|"aquarium"|"uarujoey"|"king of diy"|"aquarium gallery"|"the king of diy"|"fish tank"|"fish (animal)"|"diy king"|"arowana"|"flower horn"|"fish",207532,7473,246,2120,https://i.ytimg.com/vi/TaTleo4cOs8/default.jpg,FALSE,FALSE,FALSE,"Today we go shopping for new fish for some of the aquariums. I wanted to find some asian type fish for the new asian based aquarium... but had no luck. I did however find other fish i just had to have... of course. lol\n\nDetails of store and buying tickets:\n\nBuy tickets in store:\n75 Macdonald Ave\nDartmouth, Nova Scotia\nOR\nCall to buy: \n1 - (902) - 446-3474\nOR buy online here: https://goo.gl/4BaMqb\n\nTickets are $10 each\nDraw will be Dec 3rd by Jeff in store(store owner) \n\n3rd will get a $200 store voucher \n2nd will get a $300 store voucher \n1st will get a 1/2 day trip to the King of DIY Gallery and dinner. \nWinner will be picked up by Jeff at the store. Date of tour will likely be the following Friday or Saturday. \n\nSUBSCRIBE ► https://goo.gl/xjOm50\nGet the ultimate DIY book ►  http://thekingofdiy.com\nLIMITED EDITION SHIRTS!! ► https://goo.gl/E2l6tk\nFacebook ► http://facebook.com/uarujoey\nInstagram ► https://www.instagram.com/uarujoey/\n\nThe king of DIY aquarium projects, education and inspiration!\n\nJoin me each SUNDAY, TUESDAY AND THURSDAY for a new aquarium related video!\n\nMAIL TO:\nPO BOX 25054\nTruro, NS\nB2N 7B8\nCanada\n\nHow to build aquariums: https://goo.gl/gu3CsK\nHow to build aquarium filters: https://goo.gl/cw0Jl9\nHow to build aquarium stands: https://goo.gl/9JB9jo\nHow to build aquarium equipment: https://goo.gl/BHkT2s\nHow to build aquarium lighting: https://goo.gl/Wg4kt0\nHow to build aquarium decorations: https://goo.gl/crQkeT\nVarius aquarium tutorials: https://goo.gl/BKCb3a\nALL Thursday videos: https://goo.gl/DPHjEM\nALL Sunday videos: https://goo.gl/Rn0wmS\n\n\nMy aquarium pumps, circulation and lights are by: http://ecotechmarine.com\nMy aquarium racks and the aquariums within them were made by: http://customaquariums.com"
kgaO45SyaO4,17.14.11,The New SpotMini,BostonDynamics,28,2017-11-13T20:09:58.000Z,Robots|"Boston Dynamics"|"SpotMini"|"Legged Locomotion"|"Dynamic robot",75752,9419,52,1230,https://i.ytimg.com/vi/kgaO45SyaO4/default.jpg,FALSE,FALSE,FALSE,For more information . . . stay tuned.
ZAQs-ctOqXQ,17.14.11,One Change That Would Make Pacific Rim a Classic,Cracked,23,2017-11-12T17:00:05.000Z,pacific rim|"pacific rim 2"|"pacific rim sequel"|"Guillermo del Toro"|"Cracked"|"cracked.com"|"sketch"|"comedy"|"funny"|"spoof"|"laugh"|"satire"|"parody"|"hilarious"|"spoofs"|"josh sargent"|"fix a movie"|"how to fix"|"charlie day"|"idris elba"|"fighting robots"|"fight scenes"|"pacific rim problems"|"pacific rim epic"|"pacific rim comic con"|"pacific rim characters"|"pacific rim robots"|"pacific rim machines"|"mako mori"|"fan theory"|"headcanon"|"how it should have ended",295639,8011,638,1256,https://i.ytimg.com/vi/ZAQs-ctOqXQ/default.jpg,FALSE,FALSE,FALSE,"Pacific Rim was so good, we can’t believe they didn’t do this one thing to make it freaking perfect. And no. That one thing isn’t “Add more swords.”\n\nCHECK US OUT on AMAZON: https://www.amazon.com/v/cracked\n\nWant some more SOME NEWS, starring Cody Johnston? Then CLICK HERE: https://goo.gl/RCEuwa\n\nSUBSCRIBE HERE: http://goo.gl/ITTCPW\n\nFor additional perks, subscribe at: https://secure.cracked.com/subscribe/\n\nCLICK HERE for more HONEST ADS spoofs - https://goo.gl/xHchf2\nCLICK HERE for GALACTIC WAR ROOM - https://goo.gl/kStvEN\nCLICK HERE for WE'RE NOT ALONE - http://goo.gl/cC9L5o\nCLICK HERE for ROM.COM: The Series - https://goo.gl/5mabAx\nCLICK HERE for AFTER HOURS: http://goo.gl/Nrg6Jh\nCLICK HERE for CRACKED ANIMATIONS: https://goo.gl/bSD2Sf\nCLICK HERE for TODAY'S TOPICS: https://goo.gl/1jxB44\nCLICK HERE for ESCORT MISSION: https://goo.gl/19YnL7\n\nCLICK HERE to Subscribe to THE CRACKED PODCAST: https://goo.gl/qmdLnT\nOn iTunes: https://goo.gl/MYjkoi\n\nSee more http://www.cracked.com\nLIKE us on: http://www.facebook.com/cracked\nFOLLOW us on: http://www.twitter.com/cracked\nFOLLOW us on: http://cracked.tumblr.com"
YVfyYrEmzgM,17.14.11,How does your body know you're full? - Hilary Coller,TED-Ed,27,2017-11-13T16:00:07.000Z,TED|"TED-Ed"|"TED Education"|"TED Ed"|"Hilary Coller"|"Sashko Danylenko"|"hunger"|"fullness"|"appetite"|"food"|"stomach"|"digestion"|"vagus nerve"|"hypothalamus"|"hormones"|"endocrine cells"|"digestive system"|"intestine"|"ghrelin"|"insulin"|"leptin"|"water"|"fiber"|"protein",78044,5398,53,385,https://i.ytimg.com/vi/YVfyYrEmzgM/default.jpg,FALSE,FALSE,FALSE,"Check out our Patreon page: https://www.patreon.com/teded\n\nView full lesson: https://ed.ted.com/lessons/how-does-your-body-know-you-re-full-hilary-coller\n\nHunger claws at your belly. It tugs at your intestines, which begin to writhe, aching to be fed. Being hungry generates a powerful and often unpleasant physical sensation that’s almost impossible to ignore. After you’ve reacted by gorging on your morning pancakes, you start to experience an opposing force: fullness. But how does your body actually know when you’re full? Hilary Coller explains.\n\nLesson by Hilary Coller, directed by Sashko Danylenko.\n\nThank you so much to our patrons for your support! Without you this video would not be possible.\nNoa Shore, Taylor Hunter, Kyle Nguyen, Bijan Bayat Mokhtari, Elias Wewel, Henry Li, Ayaan Heban, Michael Aquilina, Yansong Li, MJ Tan Mingjie, Fabio Peters, Silas Schwarz, Cristóbal Medina Moenne, Tushar Sharma, Mohammad Khory, Goh Xiang Ting Diana, Umar Farooq, Kevin Wong, Activated Classroom Teaching, Constantin Salagor, Monica Grace Ward, Dawn Jordan, Yanira Santamaria, Prasanth Mathialagan, Savannah Scheelings."
eNSN6qet1kE,17.14.11,HomeMade Electric Airplane,PeterSripol,28,2017-11-13T15:30:17.000Z,ultralight|"airplane"|"homemade"|"DIY"|"hoverbike"|"part 103"|"ultra light"|"aircraft"|"aviation"|"do it yourself"|"basement"|"petersripol"|"peter sripol"|"biplane"|"flitetest"|"flite test"|"electric vehicle"|"electric",97007,11963,36,2211,https://i.ytimg.com/vi/eNSN6qet1kE/default.jpg,FALSE,FALSE,FALSE,"aaaannnd now to fly out of ground effect! The homemade airplane does indeed fly! This part 103 electric plane has probably been my craziest build yet! \n\npatreon (patreons get early access to videos!)\nhttps://www.patreon.com/Petersripol\n\nHobbyking motors: https://goo.gl/ZZ1Kka\n\ntattu batteries: https://goo.gl/mVskoq\n\n\nMY WEBSITE:::::::::::: https://goo.gl/87uDQK\n\nAmazon affiliate links (these help grow the channel, every purchase gets me a small percentage of the sale, it costs you nothing though!) \n\nSite where I get batteries and high quality stuff: https://goo.gl/cqmiIP\nMain camera: https://goo.gl/MQQAfq\n\norange camera: https://goo.gl/Ikt4hD\n\nDrones: https://goo.gl/A0Yjqb  https://goo.gl/Kkg8SB\n\ncheap shotgun mic: https://goo.gl/TwFJJs\n\nbendy tripod: https://goo.gl/E2HD6L\n\ngopros used: https://goo.gl/Exb6f3 https://goo.gl/b7l2Ng\n\nMy 3D printer: https://goo.gl/S2kqKj\n\nVideo editing software: https://goo.gl/Np3aog\n\nCheap RC TRANSMITTER that I like to use\nhttps://goo.gl/AYvbOl\n\nBest place to get High end RC equipment (luminer batteries here)\nhttps://goo.gl/cqmiIP\n\nPatreon: https://www.patreon.com/Petersripol\n\nINSTAGRAM:\nhttps://www.instagram.com/petersripol\n\nTWITTER: PeterSripol\n\nwant to send me something? :D\n\nPeterSripol\nPMB328\n3195 Dayton xenia RD STE 900\nBeavercreek OH 45434\n\nsongs: \nKubbi-Pathfinder\nhttps://www.youtube.com/watch?v=KRm2zCqwd1c\n\nThefatRat-Xenogenisis (credit Tasty records)\nhttps://www.youtube.com/watch?v=KRm2zCqwd1c"
B5HORANmzHw,17.14.11,Founding An Inbreeding-Free Space Colony,SciShow,27,2017-11-12T22:00:01.000Z,SciShow|"science"|"Hank"|"Green"|"education"|"learn"|"stefan chin"|"mars"|"colony"|"genetic diversity"|"founder effect"|"alleles"|"effective population size"|"mutations"|"interstellar mission"|"acta astronautica"|"Founding An Inbreeding-Free Space Colony",223871,8421,191,1214,https://i.ytimg.com/vi/B5HORANmzHw/default.jpg,FALSE,FALSE,FALSE,"Thanks to 23AndMe for supporting SciShow. These kits make great gifts, so check out https://23AndMe.com/SciShow\n\nHow much genetic diversity would we need to found a colony on another planet?\n\nHosted by: Stefan Chin\n----------\nSupport SciShow by becoming a patron on Patreon: https://www.patreon.com/scishow\n----------\nDooblydoo thanks go to the following Patreon supporters: KSam Lutfi, Kevin Knupp, Nicholas Smith, Inerri, D.A. Noe, alexander wadsworth,\nسلطان الخليفي, Piya Shedden, KatieMarie Magnone, Scott Satovsky Jr, Bella Nash, Charles Southerland, Bader AlGhamdi, James Harshaw, Patrick Merrithew, Patrick D. Ashmore, Candy, Tim Curwick, charles george, Saul, Mark Terrio-Cameron, Viraansh Bhanushali, Kevin Bealer, Philippe von Bergen, Chris Peters, Fatima Iqbal, Justin Lentz\n----------\nLooking for SciShow elsewhere on the internet?\nFacebook: http://www.facebook.com/scishow\nTwitter: http://www.twitter.com/scishow\nTumblr: http://scishow.tumblr.com\nInstagram: http://instagram.com/thescishow\n----------\nSources:\nhttps://www.newscientist.com/article/dn1936-magic-number-for-space-pioneers-calculated/ \nhttp://www.popularmechanics.com/space/deep-space/a10369/how-many-people-does-it-take-to-colonize-another-star-system-16654747/ \nhttp://www.sciencedirect.com/science/article/pii/S0094576513004669 \nhttps://geneticliteracyproject.org/2016/07/05/mars-colonists-need-bring-earth-large-gene-pool/ \nhttps://www.salon.com/2015/04/12/there_will_be_sex_in_space_mars_science_and_the_dictates_of_biology_and_human_culture/\nhttps://www.britannica.com/science/minimum-viable-population\nhttps://www.nature.com/scientificamerican/journal/v308/n1/full/scientificamerican0113-38.html \nhttp://bio.classes.ucsc.edu/bio107/Class%20pdfs/W05_lecture8.pdf\nhttp://news.nationalgeographic.com/news/2002/02/0220_0220_wirelifeinspace_2.html\nhttps://www.ncbi.nlm.nih.gov/pmc/articles/PMC1276087/\nhttps://www.ncbi.nlm.nih.gov/pmc/articles/PMC2752555/\nhttps://www.genome.gov/27561444/iceland-study-provides-insights-into-disease-paves-way-for-largescale-genomic-studies/\nhttps://www.researchgate.net/publication/19535182_Observing_the_founder_effect_in_human_evolution\nhttps://www.pbs.org/wgbh/evolution/library/06/3/l_063_03.html\nhttps://investigativegenetics.biomedcentral.com/articles/10.1186/s13323-015-0028-9\nhttps://www.karger.com/Article/Abstract/90545\nhttps://www.ncbi.nlm.nih.gov/pmc/articles/PMC2987173/\nhttps://www.nature.com/hdy/journal/v100/n4/full/6801083a.html\nhttp://onlinelibrary.wiley.com/doi/10.1046/j.1469-1809.2003.00046.x/abstract\nhttps://nctc.fws.gov/courses/csp/csp3157/content/resources/pop_viability.pdf\nhttps://arxiv.org/pdf/1708.08649.pdf\nhttps://www.theatlantic.com/health/archive/2014/10/how-icelands-genealogy-obsession-leads-to-scientific-breakthroughs/381097/\nhttps://www.usatoday.com/story/tech/2013/04/18/new-app-helps-icelanders-avoid-accidental-incest/2093649/\n\nImages:\nhttps://commons.wikimedia.org/wiki/File:Founder_effect_Illustration.jpg\nhttps://commons.wikimedia.org/wiki/File:Amish_farm_morristown_new_york.jpg\nhttps://commons.wikimedia.org/wiki/File:Ingolf_by_Raadsig.jpg"
vU14JY3x81A,17.14.11,How Can You Control Your Dreams?,Life Noggin,27,2017-11-13T14:00:03.000Z,life noggin|"life noggin youtube"|"youtube life noggin"|"life noggin channel"|"education"|"education channel"|"life noggin face reveal"|"edutainment"|"edutainment videos"|"blocko"|"blocko life noggin"|"science"|"technology"|"educational"|"school"|"lucid dream"|"lucid dreaming"|"control your dreams"|"how to control your dreams"|"how to lucid dream"|"sleep"|"dreaming"|"nightmare"|"dream"|"REM sleep"|"what is lucid dreaming"|"sleep study"|"brain activity"|"consciousness"|"PTSD"|"lucid dreaming experience",115791,9586,75,2800,https://i.ytimg.com/vi/vU14JY3x81A/default.jpg,FALSE,FALSE,FALSE,What if there was a way to control your dreams? Let's discuss lucid dreaming!\nWatch more: Can You Be Scared To Death? ►► https://www.youtube.com/watch?v=TlpYuxulI1k\n\nSubscribe: https://bit.ly/SubLifeNoggin | Get your exclusive Life Noggin merch: http://keeponthinking.co \n \nSupport Life Noggin on Patreon: https://patreon.com/LifeNogginStudios \n \nFollow Life Noggin!\nFacebook: https://facebook.com/LifeNoggin/?ref=br_rs\nInstagram: https://instagram.com/lifenoggin/\nTwitter: https://twitter.com/lifenoggin\nOfficial Website: https://lnstudios.co/\n \nWatch More Life Noggin:\nLatest Uploads: https://youtube.com/watch?v=4A6XkYpmidU&list=PL8L0MzSk_V6JtEDRfRMyb6rFd1acqYSlO\nBig Questions: https://youtube.com/watch?v=rJTkHGXMdb0&list=PL8L0MzSk_V6LtaKh-Eqj7Cs4Tmf5iQPx4\nOuter Space: https://youtube.com/watch?v=rJTkHGXMdb0&list=PL8L0MzSk_V6IPWXQvW3Exk9bqGzOdj8Qq\nInside the Human Body: https://youtube.com/watch?v=FVnnM6hZ7Wk&list=PL8L0MzSk_V6JoZQ-Sy3eK2rjiDsamxCQs \nPopular Videos: https://youtube.com/watch?v=1bVfzBD-40E&list=PL8L0MzSk_V6IYeU-cNGR6NYHW19GMiPNy \n \nWe are LIFE NOGGIN! An animated and educational web show designed to teach you all about your awesome life and the brain that makes you able to live it! We answer questions about everything from inside the human body to deep outer space. Stay tuned for more videos on every Monday and Thursday! Keep On Thinking. \n \nLife Noggin Team:\nDirector/Voice: http://lifenogg.in/PatGraziosi \nExecutive Producer - Ian Dokie: http://instagram.com/iandokie \nDirector of Marketing: http://lifenogg.in/JaredOban \nAnimation by Steven Lawson\nWritten by Sophie Bakoledis: https://www.instagram.com/sophieexplorestheworld/\n \nSources:\nhttps://www.scientificamerican.com/article/how-to-control-dreams/ \nhttps://www.psychologytoday.com/blog/therapy-it-s-more-just-talk/201409/the-field-guide-lucid-dreaming \nhttps://www.newscientist.com/article/2094018-want-to-control-your-dreams-these-tips-may-boost-your-chances/ \nhttps://www.newscientist.com/article/2094018-want-to-control-your-dreams-these-tips-may-boost-your-chances/ \nhttp://www.huffingtonpost.com/entry/how-to-control-your-dreams_n_6296526.html \nhttp://nymag.com/scienceofus/2016/10/keeping-a-dream-journal-helps-you-understand-yourself.html \nhttp://www.huffingtonpost.com/entry/how-to-control-your-dreams_n_6296526.html \nhttp://www.cnn.com/2011/HEALTH/01/12/loughner.lucid.dreaming.arizona/index.html \nhttps://www.scientificamerican.com/article/how-to-control-dreams/ \nhttps://www.newscientist.com/article/2094018-want-to-control-your-dreams-these-tips-may-boost-your-chances/ \nhttp://www.iflscience.com/brain/a-technique-to-control-your-dreams-has-been-verified-for-the-first-time/ \nhttp://www.cnn.com/2011/HEALTH/01/12/loughner.lucid.dreaming.arizona/index.html \nhttps://www.scientificamerican.com/article/how-to-control-dreams/ \nhttp://www.independent.co.uk/life-style/how-to-lucid-dream-10329107.html \nhttp://www.huffingtonpost.com/entry/how-to-control-your-dreams_n_6296526.html\nhttps://www.psychologytoday.com/blog/the-mysteries-love/201602/four-levels-lucid-dreaming \nhttps://www.psychologytoday.com/blog/the-mysteries-love/201602/four-levels-lucid-dreaming \nhttps://www.sciencedaily.com/releases/2012/07/120727095555.htm\nhttps://www.ncbi.nlm.nih.gov/pmc/articles/PMC2737577/ \nhttps://www.sciencedaily.com/releases/2012/07/120727095555.htm\nhttps://www.ncbi.nlm.nih.gov/pmc/articles/PMC2737577/ \nhttps://www.sciencedaily.com/releases/2008/09/080921162021.htm\nhttp://blogs.discovermagazine.com/seriouslyscience/2017/08/11/flashback-friday-want-control-dreams-shock-brain-induce-lucid-dreaming/#.WdZ56EzMx-U \nhttp://www.nature.com/neuro/journal/v17/n6/full/nn.3719.html?foxtrotcallback=true \nhttps://www.inc.com/yoram-solomon/this-startup-says-it-can-use-science-to-help-you-control-your-dreams.html \nhttps://www.scientificamerican.com/article/how-to-control-dreams/ \nhttps://www.vice.com/en_us/article/exme5p/lucid-dreaming-could-help-treat-ptsd-and-other-psychological-disorders-456 \nhttp://abcnews.go.com/Health/Sleep/researchers-find-nightmare-cures-post-traumatic-stress-patients/story?id=11300422
6VhU_T463sU,17.14.11,The Making of Hela's Headdress from Thor: Ragnarok,Tested,28,2017-11-12T15:00:01.000Z,tested|"testedcom"|"designercon 2017"|"preview"|"toys"|"props"|"costumes"|"ironhead studio"|"marvel"|"thor"|"thor 3"|"thor ragnorok"|"thor ragnarok"|"hela"|"helmet"|"cosplay"|"headdress"|"costume",224019,3585,138,208,https://i.ytimg.com/vi/6VhU_T463sU/default.jpg,FALSE,FALSE,FALSE,"At this year's DesignerCon, we meet up with Ironhead Studio, the costume and prop fabricators who made Hela's jaw-dropping costume from Thor: Ragnarok. Jose Fernandez walks us through how his team made Hela's iconic headdress for Cate Blanchett to wear in the film, explaining how the helmet's pieces hold together and what goes into its brilliant finish. \n\nFind more of Ironhead Studio's work here: http://ironheadstudio.com/\n\nShot and edited by Norman Chan\n\nSubscribe for more videos! http://www.youtube.com/subscription_center?add_user=testedcom\nFollow us on Twitter: http://www.twitter.com/testedcom\nGet updates on Facebook: http://www.facebook.com/testedcom\n\nTested is: \nAdam Savage http://www.twitter.com/donttrythis\nNorman Chan http://www.twitter.com/nchan\nSimone Giertz http://www.twitter.com/simonegiertz\nJoey Fameli http://www.twitter.com/joeyfameli\nKishore Hari http://www.twitter.com/sciencequiche\nFrank Ippolito http://www.twitter.com/frankippolito\nSean Charlesworth http://www.twitter.com/cworthdynamics\nJeremy Williams http://www.twitter.com/jerware\nGunther Kirsch\nRyan Kiser\n\nThanks for watching!"
_-aDHxoblr4,17.14.11,Is It Dangerous To Talk To A Camera While Driving?,Tom Scott,27,2017-11-13T16:00:03.000Z,tom scott|"tomscott"|"built for science"|"national advanced driving simulator"|"university of iowa"|"driving simulation"|"driver safety"|"driver distraction",144418,11758,89,1014,https://i.ytimg.com/vi/_-aDHxoblr4/default.jpg,FALSE,FALSE,FALSE,"I'm visiting the University of Iowa's National Advanced Driving Simulator, to answer a question: how unsafe is it for me to vlog while driving? Is vlogging while driving dangerous? The team at the simulator are the experts to ask.\n\nMore about the National Advanced Driving Simulator:\nhttps://www.nads-sc.uiowa.edu/sim_nads1.php\nor on Twitter: https://twitter.com/DrivingSim\n\nCamera operator: Jasmine Putney\nEdited: Michelle Martin (@mrsmmartin)\n\nI'm at http://tomscott.com\non Twitter at http://twitter.com/tomscott\non Facebook at http://facebook.com/tomscott\nand on Snapchat and Instagram as tomscottgo"
JBZTZZAcFTw,17.14.11,"What $4,800 Will Get You In NYC | Sweet Digs Home Tour | Refinery29",Refinery29,26,2017-11-12T16:00:01.000Z,refinery29|"refinery 29"|"r29"|"r29 video"|"video"|"refinery29 video"|"female"|"empowerment"|"house tour"|"sweet digs"|"new york city"|"apartment decor"|"interior design"|"home tour"|"big apple"|"real estate"|"apartment"|"new apartment tour"|"bedroom tour"|"new apartment"|"house tour 2017"|"living room"|"living room decor"|"walk through"|"nyc apartment"|"new house"|"kitchen tour"|"modern home"|"decorating on a budget"|"my new house"|"moving out"|"video blog"|"manhattan"|"NY"|"central park",145921,1707,578,673,https://i.ytimg.com/vi/JBZTZZAcFTw/default.jpg,FALSE,FALSE,FALSE,"On this episode of Sweet Digs, we tour Social Media Editor, Ally Hickson's three bedroom apartment on the Upper West Side. Ally walks us through her place, showing us what $4,800 a month can get you in NYC. Press play to see how this R29er lives!\n\nABOUT SERIES\nHigh rent, small spaces, nosy neighbors — we put up with A LOT of things to live where we love. In Sweet Digs, Refinery29 gets a peek inside the homes of the coolest people we know, from tiny studios to sprawling houses, and ask the real questions like, Wait, how much is your rent?\n\nABOUT REFINERY29 \nRefinery29 is a modern woman's destination for how to live a stylish, well-rounded life. http://refinery29.com/\n\nRELATED CONTENT\nWhat $1,800 Will Get You In NYC\nhttps://youtube.com/watch?v=9VQh4wJ76Dc\nWhat $2,600 Will Get You In NYC\nhttps://www.youtube.com/watch?v=jihpJRqUTn0&t=21s\n\nSEE MORE REFINERY29 VIDEOS\nhttp://refinery29.com/video\n\nSUBSCRIBE TO REFINERY29\nSubscribe to the Refinery29 channel: http://bit.ly/subscribe-to-r29\nFor the latest trends and videos, visit: http://refinery29.com\nLike Refinery29 on Facebook: https://facebook.com/refinery29\nFollow Refinery29 on Twitter: https://twitter.com/refinery29\nHeart Refinery29 on Instagram: https://instagram.com/refinery29/\n\nTALENT\nFollow Ally Hickson on Instagram: https://instagram.com/aphickson/"
lZ68j2J_GOM,17.14.11,Using Other People's Showers,Gus Johnson,23,2017-11-13T14:44:24.000Z,using other peoples showers|"gus"|"gus shower"|"other people shower"|"ketchup shower"|"funny bathroom"|"funny"|"gustoonz"|"gus johnson"|"gus other peoples showers"|"funny video"|"trending"|"youtube trending"|"trending video"|"viral video"|"advertiser friendly"|"family friendly"|"clean"|"shower joke"|"sketch comedy"|"youtube haiku"|"shower meme"|"meme"|"new meme"|"meme 2017"|"meme 2018",33980,4884,52,234,https://i.ytimg.com/vi/lZ68j2J_GOM/default.jpg,FALSE,FALSE,FALSE,"Why is it so hard to figure out other people's showers?\n- Please subscribe so I can eat: http://bit.ly/21Xhy2m \n↓FOLLOW GUS OR WHATEVER↓\n- Twitter: https://twitter.com/Gusbuckets\n- Facebook: https://www.facebook.com/gustoonz\n- Reddit: https://www.reddit.com/r/gusjohnson/\n- Snapchat: motherxteresa\n- Instagram: instagram.com/johnsongus\n- Patreon: http://bit.ly/1TVIYyA\n- PayPal: gustoonz@gmail.com\n- Download my new album here: http://bit.ly/2gRsJUQ\n\nSend me whatever you'd like:\n\nGus Johnson\nPO Box 635\nMenomonie, WI 54751\n\nMy album is available for download here: http://www.nimbitmusic.com/gusjohnson\n\nCheck out the merch store! http://gustoonz.cottoncart.com/\n\nIt is difficult to use other people's showers. \n\nI am Gus Johnson. I make music, I crap out bad skits. Thanks for your time, internet stranger. Sometimes I go by gustoonz.\n\nThanks for watching and sharing! Don't stab people. I'll see you later."
dRpNZV18N_g,17.14.11,SPAGHETTI BURRITO VS SPAGHETTI BURRITO,HellthyJunkFood,24,2017-11-12T14:00:04.000Z,spaghetti burrito|"diy burrito"|"spaghetti"|"burrito"|"burrito recipe"|"spaghetti deep fried"|"deep fried spaghetti"|"spgahetti sandwich"|"giant burrito",223077,8676,193,1392,https://i.ytimg.com/vi/dRpNZV18N_g/default.jpg,FALSE,FALSE,FALSE,"Visit http://www.Bongiovibrand.com\nand get 20% using the coupon CODE: BURRITO\n\nI say we're both winners in this scenario, but there can't be one winner, so you must decide!\n\nJP & JULIA CHANNEL!!\nhttps://www.youtube.com/c/JPJulia\n\nTHINGS YOU'LL NEED\nBongiovi Sauce:  https://www.bongiovibrand.com/\nDeep Fryer: http://amzn.to/2nHDBe6\nLarge Loaf Pan: http://amzn.to/2yLu4Ij\n\nMerchandise:\nhttp://bit.ly/HJFMerch\n\nFULL RECIPE DETAILS:\nhttp://www.hellthyjunkfood.com/spaghetti-burrito/\n\n�Social Media Links�  @HellthyJunkFood\nhttp://www.facebook.com/hellthyjunkfood\nhttp://www.instagram.com/hellthyjunkfood\nhttp://www.twitter.com/hellthyjunkfood\nhttp://www.patreon.com/hellthyjunkfood\nhttp://www.twitch.com/hellthyjunkfood\nSnapchat - HellthyJunkFood\n\nThis video is sponsored\nMusic - Epidemic Sound"
fcVjitaM3LY,17.14.11,78557 and Proth Primes - Numberphile,Numberphile,28,2017-11-13T12:13:36.000Z,numberphile|"prime numbers"|"proth prime",80705,4687,41,437,https://i.ytimg.com/vi/fcVjitaM3LY/default.jpg,FALSE,FALSE,FALSE,"James Grime is back and talking prime numbers.\nCheck out Brilliant.org by using the link: https://brilliant.org/numberphile (20% off premium subscription)\n\nMore on prime numbers: http://bit.ly/primevids\nJames Grime: http://singingbanana.com\n\nEditing by Pete McPartlan\nMusic by Alan Stewart\n\nRead about Sierpinski Numbers: https://en.wikipedia.org/wiki/Sierpinski_number\n\nPrimeGrid: http://www.primegrid.com\n\nNumberphile is supported by the Mathematical Sciences Research Institute (MSRI): http://bit.ly/MSRINumberphile\n\nWe are also supported by Science Sandbox, a Simons Foundation initiative dedicated to engaging everyone with the process of science.\n\nNUMBERPHILE\nWebsite: http://www.numberphile.com/\nNumberphile on Facebook: http://www.facebook.com/numberphile\nNumberphile tweets: https://twitter.com/numberphile\nSubscribe: http://bit.ly/Numberphile_Sub\n\nVideos by Brady Haran\n\nPatreon: http://www.patreon.com/numberphile\n\nBrady's videos subreddit: http://www.reddit.com/r/BradyHaran/\n\nBrady's latest videos across all channels: http://www.bradyharanblog.com/\n\nSign up for (occasional) emails: http://eepurl.com/YdjL9"
qeWvgZLz9yU,17.14.11,A Smart... MUG?! - Take apart a Heated Thermos!,JerryRigEverything,26,2017-11-13T16:00:03.000Z,Smart mug|"Heated thermos"|"tech"|"gift idea"|"unboxed"|"Ember mug"|"ember"|"Ember review"|"Heated mug"|"teardown"|"technology"|"Thermous"|"winter"|"holiday"|"christmas"|"gift"|"mug"|"unboxing",120727,9033,224,1346,https://i.ytimg.com/vi/qeWvgZLz9yU/default.jpg,FALSE,FALSE,FALSE,"YouTubes new channel!: https://www.youtube.com/unboxed for the latest unboxings from YouTubes creators! Good gift ideas for everyone on your list. \nWinter is coming, and this smart mug is designed to keep your drinks warm on the go, or all day long at your desk! This new mug from Ember is the smart mug you never though you needed, but now want to have. http://amzn.to/2zC9VFE\n\nThe camera I used to film this video: http://amzn.to/2p7GtkX\nThe Lens I used for this video: http://amzn.to/1QOXDw2\nWide angle lens: http://amzn.to/2qiYM4u\nAnd this Metabones adapter: http://amzn.to/2iZ67Ty\nThis is the drone I use: http://amzn.to/2joH00G\n\n*Follow me for updates!*\nInstagram: http://instagram.com/zacksjerryrig\nFacebook: http://on.fb.me/1U4bQqv\nTwitter: https://twitter.com/ZacksJerryRig\nSnapchat: http://bit.ly/1UAb2Fq\nGooglePlus: https://bit.ly/1YyKice\n\nJerryRigEverything assumes no liability for property damage or injury incurred as a result of any of the information contained in this video.  JerryRigEverything recommends safe practices when working with power tools, automotive lifts, lifting tools, jack stands, electrical equipment, blunt instruments, chemicals, lubricants, expensive electronics, or any other tools or equipment seen or implied in this video.  Due to factors beyond the control of JerryRigEverything, no information contained in this video shall create any express or implied warranty or guarantee of any particular result.  Any injury, damage or loss that may result from improper use of these tools, equipment, or the information contained in this video is the sole responsibility of the user and not JerryRigEverything. Only attempt your own repairs if you can accept personal responsibility for the results, whether they are good or bad."
iIxy3JN3-jc,17.14.11,LeBron James admits he was ripping Phil Jackson and thinks DeShaun Watson should be the Browns qu...,Cleveland Cavaliers on cleveland.com,25,2017-11-13T15:42:28.000Z,auth-jvardon-auth,27943,156,36,83,https://i.ytimg.com/vi/iIxy3JN3-jc/default.jpg,FALSE,FALSE,FALSE,LeBron James gave another all-time press conference in New York
n30k5CwLhS4,17.14.11,Nick Andopolis: Drummer,FaeryInLoveInc,1,2011-05-29T17:03:12.000Z,freaks and geeks|"jason segel"|"judd apatow"|"drums"|"rush"|"paul feig"|"drummer"|"nick andopolis",50867,715,238,246,https://i.ytimg.com/vi/n30k5CwLhS4/default.jpg,FALSE,FALSE,FALSE,"The opening of Freaks and Geeks Episode 6, I'm With The Band"
U0hAC8O7RoI,17.14.11,"I TOOK THE $3,000,000 LAMBO TO CARMAX! They offered me......",hp_overload,2,2017-11-13T01:43:12.000Z,carmax|"lamborghini miura"|"miura carmax"|"lamborghini carmax"|"took lamborghini to carmax"|"supercar carmax"|"selling my car at acrmax"|"lambo carmax"|"stradman"|"vehicle virgins"|"doug demuro",98378,4035,495,486,https://i.ytimg.com/vi/U0hAC8O7RoI/default.jpg,FALSE,FALSE,FALSE,Finally took the Miura to Carmax! Hope you enjoyed!\nMake sure to subscribe and follow me on Instagram @Hp_overload
CBVGjS_EJok,17.14.11,Amazon Christmas Advert 2017 - Toys & Games,Amazon.co.uk,24,2017-11-06T17:52:50.000Z,Amazon|"Amazon Christmas"|"Amazon Xmas"|"Christmas"|"Xmas"|"ad"|"christmas ad"|"commercial"|"Holidays"|"advert"|"christmas advert"|"Amazon ad"|"UK"|"Amazon Christmas Advert"|"Christmas (Holiday)"|"Amazon Christmas advert 2017"|"Amazon xmas ad 2017"|"Amazon Holiday Advert"|"Delivery"|"Gift"|"Amazon Delivery"|"boxes"|"singing boxes"|"smile"|"give a littlle bit"|"Roger Hodgson - Give a Little Bit"|"Roger Hodgson",26000,119,69,0,https://i.ytimg.com/vi/CBVGjS_EJok/default.jpg,TRUE,FALSE,FALSE,Shhhh. See how Amazon helps Dad create a magical Christmas to the tune of Roger Hodgson’s “Give a Little Bit”#givealittlebit http://www.rogerhodgson.com
n1WpP7iowLc,17.14.11,Eminem - Walk On Water (Audio) ft. Beyoncé,EminemVEVO,10,2017-11-10T17:00:03.000Z,Eminem|"Walk"|"On"|"Water"|"Aftermath/Shady/Interscope"|"Rap",17158531,787419,43420,125882,https://i.ytimg.com/vi/n1WpP7iowLc/default.jpg,FALSE,FALSE,FALSE,Eminem's new track Walk on Water ft. Beyoncé is available everywhere: http://shady.sr/WOWEminem \nPlaylist Best of Eminem: https://goo.gl/AquNpo\nSubscribe for more: https://goo.gl/DxCrDV\n\nFor more visit: \nhttp://eminem.com\nhttp://facebook.com/eminem\nhttp://twitter.com/eminem\nhttp://instagram.com/eminem\nhttp://eminem.tumblr.com\nhttp://shadyrecords.com\nhttp://facebook.com/shadyrecords\nhttp://twitter.com/shadyrecords\nhttp://instagram.com/shadyrecords\nhttp://trustshady.tumblr.com\n\nMusic video by Eminem performing Walk On Water. (C) 2017 Aftermath Records\nhttp://vevo.ly/gA7xKt
hz7ukDjuq4w,17.14.11,What's Inside a Detectives Car?,officer401,24,2017-11-12T23:41:37.000Z,detective|"officer"|"401"|"officer401"|"police"|"cop"|"cops"|"law"|"enforcement"|"investigator"|"ford"|"fusion"|"crown vic"|"charger"|"dodge"|"patrol"|"cid"|"criminal"|"investigations"|"division"|"mre"|"survival food"|"trunk"|"2011"|"2012"|"2013"|"2014"|"2015"|"2016"|"2017"|"fusion se"|"ford fusion"|"ford fusion se"|"vest"|"outter"|"carrier"|"bullet-proof"|"bullet-proof vest"|"level 2 armor"|"level 3 armor",67661,3781,84,626,https://i.ytimg.com/vi/hz7ukDjuq4w/default.jpg,FALSE,FALSE,FALSE,Intro Song: Dion Timmer - Lost\nEnding Song: Slips & Slurs - 04 Divided VIP\nNEW STORE: https://store.officer401.com/\n-------------------------------------------------------------------------------\nPATREON: https://www.patreon.com/officer401\nDISCORD CHATROOM: https://discord.gg/officer401\nCOMMUNITY FORUM: https://officer401.com/forum\nFACEBOOK: https://www.facebook.com/officer401\nINSTAGRAM: https://instagram.com/officer401\nTWITCH: https://www.twitch.tv/officer401\nTWITTER: https://twitter.com/Officer401Vlogs\nSnapChat: officer401\n-----------------------------------------\nWhat do detectives keep inside their cars?
p2hJxyF7mok,17.14.11,New Emirates First Class Suite | Boeing 777 | Emirates,Emirates,19,2017-11-12T05:55:42.000Z,Emirates|"First Class",141148,1661,70,236,https://i.ytimg.com/vi/p2hJxyF7mok/default.jpg,FALSE,FALSE,FALSE,"We are the changing the game in First Class travel. Inspired by @MercedesBenz, our new fully enclosed @Boeing 777 First Class Private Suites have floor-to-ceiling sliding doors, and combine smart technology and intelligent design to deliver function, luxury and comfort. http://bit.ly/emiratesgamechanger"
0mlNzVSJrT0,17.14.11,Me-O Cats Commercial,Nobrand,22,2017-04-21T06:47:32.000Z,cute|"cats"|"thai"|"eggs",98966,2486,184,532,https://i.ytimg.com/vi/0mlNzVSJrT0/default.jpg,FALSE,FALSE,FALSE,Kittens come out of the eggs in a Thai commercial\n\nReuploaded from Youku since original was deleted.
Om_zGhJLZ5U,17.14.11,TL;DW - Every DCEU Movie Before Justice League,Screen Junkies,1,2017-11-12T18:00:03.000Z,screenjunkies|"screen junkies"|"sj news"|"honest trailers"|"honest trailer"|"wonder woman"|"batman"|"superman"|"the joker jared leto"|"man of steel"|"justice league"|"justice league review"|"batman vs superman"|"bvs"|"dceu"|"dc movie plot"|"justice league plot"|"wonder woman plot"|"batman plot"|"motherbox"|"justice league trailer"|"suicide squad"|"will smith"|"deadshot"|"joker harley quinn"|"margot robbie"|"suicide squad review"|"dc marvel",288922,7515,792,2111,https://i.ytimg.com/vi/Om_zGhJLZ5U/default.jpg,FALSE,FALSE,FALSE,With Justice League approaching fast we rewatched all four movies in the DCEU so that you don't have too. Spencer Gilbert breaks down the plot and things that will be important going forward!\n\nGot a tip? Email us ► tips@screenjunkies.com\nFollow us on Twitter ► http://twitter.com/screenjunkies\nLike us on Facebook ► http://www.fb.com/screenjunkies\nGet Screen Junkies Gear! ►► http://bit.ly/SJMerch
e_7zHm7GsYc,17.14.11,Hunter Hayes - You Should Be Loved (Part One Of Pictures),Hunter Hayes,10,2017-11-13T15:01:18.000Z,Hunter|"Hayes"|"you should be loved"|"the shadowboxers"|"pictures"|"part one"|"official"|"music video"|"trilogy"|"hunter hayes"|"wanted"|"i want crazy"|"storm warning",13917,1318,24,76,https://i.ytimg.com/vi/e_7zHm7GsYc/default.jpg,FALSE,FALSE,FALSE,You Should Be Loved (feat. The Shadowboxers) Available Now! Download or stream it here: https://HunterHayes.lnk.to/ysbl\n\nLike what you heard? Download or stream more songs by Hunter: \niTunes: http://smarturl.it/hunterhayes_itunes\nSpotify: http://smarturl.it/hunterhayes_sp\n\nStay in touch with Hunter! Follow him on social media: \nWebsite: http://smarturl.it/hunterhayes_site\nFacebook: http://smarturl.it/hunterhayes_fb \nTwitter: http://smarturl.it/hunterhayes_tw\nInstagram: http://smarturl.it/hunterhayes_ig\n\nMusic video by Hunter Hayes. ©2017 Atlantic Recording Corporation.
dQvIbulWCM4,17.14.11,Celebrities on Thanksgiving 2017!,Niki and Gabi,23,2017-11-12T23:41:48.000Z,niki and gabi|"nikiandgabibeauty"|"celebrities on thanksgiving"|"celebrities"|"thanksgiving"|"celebrity thanksgiving"|"thanksgiving 2017"|"celebrities in high school"|"celebrities at prom"|"celebrities have a sleepover"|"celebrity talent show"|"celebrities at the beach"|"taylor swift"|"parody"|"comedy",605932,38397,1387,3412,https://i.ytimg.com/vi/dQvIbulWCM4/default.jpg,FALSE,FALSE,FALSE,"Celebrities on Thanksgiving 2017!\nWhat if one day Taylor Swift invited her enemies toThanksgiving? Watch to find out what would happen! This video features Kim and Kanye, Katy Perry, Calvin Harris, Joe Jonas, Demi Lovato, and Kylie Jenner.  Let the games begin! \nSubscribe here ➜ http://bit.ly/2vxi9ch\n\nSpecial thanks to:\nJoe Jonas- http://youtube.com/dahberger\nKaty Perry- Alessandra DeMartino @alessandralorenn\nhttps://www.youtube.com/xxYourPalAlxx\nDemi Lovato- @therealjessemarie\nKanye West- Juvany Georges\n\nIf you enjoyed this Taylor swift parody, then watch our previous Look What You Made Me Do Parody down below:\nhttps://youtu.be/Qww8L3DUpSM\n\nIf you enjoyed this Taylor swift parody, then watch our previous Celebrity videos below!\nCelebrities go to the Beach: https://www.youtube.com/watch?v=sgFGb3bKe0o\nCelebrities at Prom: \nhttps://www.youtube.com/watch?v=2ZO8W97K5_A\nCelebrities in High School:\nhttps://www.youtube.com/watch?v=K3SYedrtKOo\nCelebrity Talent Show:\n https://www.youtube.com/watch?v=qZaHv7PDo_Y\nCelebrities Have a Sleepover:\nhttps://www.youtube.com/watch?v=bQxLZ5jROkA\nCelebrities on Halloween:\n https://www.youtube.com/watch?v=PGQvzX_bXa8\nCelebrity Morning Routines: https://youtu.be/ghebChMBp3w\n\n\n**NEW VIDEOS EVERY SUNDAY!**\n\nIf you see this, comment THAT FOOD FIGHT OMG \nonly those who watch up to that point will know what this means ;)\n\nSOCIAL MEDIA \nInstagram➜ @NIKI / @GABI\nTwitter➜ @nikidemar / @gabcake\n\nTumblr➜ nikidemar / breakfastatchanel-starringgabi\nSnapchat➜ nikidemarrr / fancysnapsbygab\n\nWe’re Niki and Gabi! We hope you enjoyed our taylor swift parody! We’re twin sisters who are totally different with opposite fashion and styles, but we come together to make videos about  celebrities, create parody videos, shopping videos, beauty, and more!"
zZ9FciUx6gs,17.14.11,Nickelback - The Betrayal Act III [Official Video],Nickelback,10,2017-11-13T15:31:44.000Z,Nickelback|"Feed The Machine"|"The Betrayal Act III"|"The Betrayal"|"Rock"|"Alternative"|"Anthem Films"|"Kevin Slack"|"Chad Kroeger"|"Ryan Peake"|"Mike Kroeger"|"Daniel Adair"|"How You Remind Me"|"Rockstar",57169,6927,161,565,https://i.ytimg.com/vi/zZ9FciUx6gs/default.jpg,FALSE,FALSE,FALSE,"New Album, ‘Feed The Machine’, Available Now: http://smarturl.it/FeedTheMachine\n\nProduced by Anthem Films\n\nFor more Nickelback, visit:\nhttp://www.nickelback.com\nhttp://www.facebook.com/nickelback\nhttp://www.twitter.com/nickelback\nhttp://www.instagram.com/nickelback"
PaJCFHXcWmM,17.14.11,U2 - The Blackout,U2VEVO,10,2017-11-13T17:00:04.000Z,U2|"The"|"Blackout"|"Island"|"Records"|"Rock",60506,5389,106,455,https://i.ytimg.com/vi/PaJCFHXcWmM/default.jpg,FALSE,FALSE,FALSE,'The Blackout’ from upcoming album Songs of Experience – Pre-order now.\n \nFollow U2: http://www.u2.com/\nFacebook: https://U2.lnk.to/FBID\nTwitter: https://U2.lnk.to/TWID\nInstagram: https://U2.lnk.to/ISID\n \n#U2TheBlackout \n#U2SongsofExperience In the darkness where we learn to see\n\nMusic video by U2 performing The Blackout. (C) 2017 Universal Music Operations Limited\n\nhttp://vevo.ly/TETtx3
goP4Z5wyOlM,17.14.11,Iraq-Iran earthquake: Deadly tremor hits border region - BBC News,BBC News,25,2017-11-12T21:16:40.000Z,bbc|"bbc news"|"news"|"iran"|"iran news"|"iraq"|"iraq news"|"earthquake"|"breaking news"|"Iraq-Iran earthquake",34785,308,26,413,https://i.ytimg.com/vi/goP4Z5wyOlM/default.jpg,FALSE,FALSE,FALSE,"A strong 7.2-magnitude earthquake has rattled the northern Iraq-Iran border region, killing at least 10 people.\nThe quake struck in the evening local time south of the Iraqi town of Halabja at a depth of 33.9 km (21 miles), the US Geological Survey (USGS) said.\nAt least six people died in western Iran, state media said, with another four reported dead in Iraq.\n\n\nPlease subscribe HERE http://bit.ly/1rbfUog\n\nWorld In Pictures https://www.youtube.com/playlist?list=PLS3XGZxi7cBX37n4R0UGJN-TLiQOm7ZTP\nBig Hitters https://www.youtube.com/playlist?list=PLS3XGZxi7cBUME-LUrFkDwFmiEc3jwMXP\nJust Good News https://www.youtube.com/playlist?list=PLS3XGZxi7cBUsYo_P26cjihXLN-k3w246"
NZFhMSgbKKM,17.14.11,Dennis Smith Jr. and LeBron James go back and forth,Ben Rohrbach,17,2017-11-13T15:11:00.000Z,[none],945,7,5,8,https://i.ytimg.com/vi/NZFhMSgbKKM/default.jpg,FALSE,FALSE,FALSE,
0tO_l_Ed5Rs,17.14.11,Matthew Santoro - FACTS (Official Music Video) f. Ellevan & Humble the Poet,MatthewSantoro,10,2017-11-11T16:00:01.000Z,matthew santoro facts|"music video"|"matthew santoro"|"Ellevan"|"EllevanMusic"|"HumbleThePoet"|"Humble The Poet"|"FACTS"|"whats that facts",328330,15186,15448,7484,https://i.ytimg.com/vi/0tO_l_Ed5Rs/default.jpg,FALSE,FALSE,FALSE,"LISTEN WITH HEADPHONES! �. WATCH IN 4K! �\nProduced by Ellevan. Directed by Strø. Shot on RED.\nSpecial thanks to EllevanMusic and HumbleThePoet for their tireless hours put in helping to produce, perform in, and perfect this song! \nEllevan: \nhttp://youtube.com/ellevanmusic11\nhttp://instagram.com/ellevanmusic\nMore music: http://bit.ly/EllevanSpotify\nHumble:\nhttp://www.youtube.com/humblethepoet\nhttp://instagram.com/humblethepoet\nMore music: http://bit.ly/HumbleTPMusic\n\nHuge thanks to all these talented people who appeared in the video. They all do amazing things! FOLLOW THEM ON IG!\nStephen Spence @iamstevenspence\nJah'lon Wright @ijahlon\nSwoozie @swoozie\nAshley Kaltwasser @ashleykfit\nTim Brehmer @tim_brehmer\nJosh Lin @joshpalerlin\nSimmi Singh @simszter\nBrandon Dawson @bdizzlewitthestampinthemiddle\nTwan @twan\nRay Diaz @raydiaz\nLondon Shay @londonshaygoheen\nAdin Kolansky @adinkolansky\nBrittanie Nash @brittanie.nash\nTori Ross @itstoriross\nSabrina Manning @sabrina_nissa\nHuda Chay @hudachay\nMadeleine Rose @cheriemadeleine\nMarissa Gold @themarissagold\nAyla Marie @ayla_woodruff\nEmily Katz @emily_k8z\nMax Weisz @maxnosleeves\nKathryn Le @kathrynle_\nStrø @directedbystro\n\nOfficial album art: https://instagram.com/p/BbTfs-7AnrZ/\nvia http://instagram.com/jocktherock\n\nTwitter: http://twitter.com/MatthewSantoro\nFacebook: http://facebook.com/MatthewSantoro\nInstagram: http://instagram.com/MatthewSantoro\nSnapchat: http://snapchat.com/add/MatthewSantoro\n\nGet my book MIND = BLOWN here! http://bit.ly/MattsBook"
STI2fI7sKMo,17.14.11,"AFFAIRS, EX BOYFRIENDS, $18MILLION NET WORTH - GOOGLE US | Shawn and Andrew",Shawn Johnson East,22,2017-11-11T15:00:03.000Z,shawn johnson|"andrew east"|"shawn east"|"shawn and andrew"|"olympian"|"nfl player"|"athletes"|"vlog"|"couples"|"google irl"|"google feud"|"google markiplier"|"google myself"|"challenge"|"reactions"|"reacts"|"internet"|"memes"|"funny"|"birthday"|"cringe"|"laughing"|"daily"|"vlogger"|"stupid"|"cute"|"boy"|"diy"|"google"|"myself"|"googled"|"googling"|"liza"|"lizakoshy"|"wednesdays"|"liza koshy"|"googling myself"|"liza koshy net worth"|"liza koshy google"|"liza facts"|"liza panties"|"net worth"|"youtuber net worth"|"youtuber facts",321053,4451,1772,895,https://i.ytimg.com/vi/STI2fI7sKMo/default.jpg,FALSE,FALSE,FALSE,"Subscribe for weekly videos ▶ http://bit.ly/sjofficoak\n\nDon't believe everything you read.\n\nFAN MAIL ADDRESS: \nShawn and Andrew East\n750 N San Vicente Blvd., \nEast Tower, 11th Floor, \nLos Angles, CA 90069\n\nFollow My Instagram ▶ http://www.instagram.com/ShawnJohnson\nLike the Facebook page! ▶ http://www.facebook.com/ShawnJohnson\nFollow My Twitter ▶ http://www.twitter.com/ShawnJohnson\nSnapchat! ▶ @ShawneyJ\n\nFollow AndrewsTwitter ▶ http://www.twitter.com/AndrewDEast\nFollow My Instagram ▶ http://www.instagram.com/AndrewDEast\nLike the Facebook page! ▶ http://www.facebook.com/AndrewDEast\nSnapchat! ▶ @AndrewDEast"
BWPrk9PUwQE,17.14.11,iPhone X vs Makeup Transformation (Face ID TEST),dope2111,26,2017-11-12T00:45:54.000Z,iphone x|"iphonex makeup"|"iphonex test"|"new iphone"|"iphone vs makeup"|"face id"|"face id test"|"iphone x challenge"|"iphone hack"|"iphone x makeup tutorial"|"makup tutorial"|"2017 makeup"|"promise phan"|"twins face id"|"twins iphonex"|"iphonex face"|"iphonex review",1456472,33505,1660,2160,https://i.ytimg.com/vi/BWPrk9PUwQE/default.jpg,FALSE,FALSE,FALSE,"I was really curious to see how good Apple's iPhone X Face Recognization feature was so I filmed this quick video. I am not gonna give you spoilers but it was a tough challenge. I started with the Brows, Eye Makeup, Lips, Face Contour and the wig and contacts. I had to make sure each of my feature was made the exact opposite to try to trick the phone. Anyways watch the whole video and see how this ends up. Please Subscribe and Hit the Bell button on your phone to get upload notifications.\n\nProducts used : \nJouer High Coverage creme foundation \nWashable Elmers glue\nMac Studio fix foundation\nColourpop Brow Pencil\nUrban Decay Naked Heat Palette \nABH Concealer\nClinique black Liner \nLily Lashes \nGerard Cosmetics Lip Liner \nNYX Cosmetics  Sculpt and Highlight\nTrestique Contour stick\nKat Von D Contour Palette\nBen Nye Nose and Scar Wax \n\nThanks for Watching !!!"
ogYum4kWXgk,17.14.11,People are Awesome & The Pet Collective present Pets are Awesome!,People are Awesome,24,2017-11-13T13:00:06.000Z,people are awesome|"people are awesome 2017"|"youtube"|"hd"|"compilation"|"humans"|"amazing people"|"incredible"|"gopro"|"gopro hero"|"extreme sports"|"adventure travel"|"people are awesome videos"|"PAA"|"the pet collective"|"pet collective TV"|"I love my pets"|"awesome pets"|"pets are awesome"|"Adventure Pup"|"Adventure Dogs"|"Good Doggo"|"Adventure Cats"|"Surfing"|"snowboarding"|"skiing"|"wakeboarding",69844,3417,33,160,https://i.ytimg.com/vi/ogYum4kWXgk/default.jpg,FALSE,FALSE,FALSE,"Pets are Awesome! This is for all the animal lovers out there. Pets aren't just animals, they're family! They make the best of best friends, and are pretty rad adventure buddies too. Did you have a favorite? Let us know in the comments! \n\nSubscribe to The Pet Collective! \nhttps://www.youtube.com/ThePetCollective\n\n➤ WATCH NEXT\n\n⇢ Best of the Week!\nhttps://www.youtube.com/watch?v=z9NFbXNghuE\n\n\n➤ MUSIC\nTitle: Some Kind Of Magic (feat. MYZICA) by LVTHER\niTunes Download Link: https://itunes.apple.com/us/album/some-kind-magic-feat.-myzica/id1095080701\nListen on Spotify: https://open.spotify.com/album/7fyHjUeUewEqqvTol9QQx9\nVideo Link: https://www.youtube.com/watch?v=SzWk_I304Sg\n\n\n➤ ORIGINAL VIDEOS\nhttps://goo.gl/xP69SA\nhttps://goo.gl/iPkWa9\nhttps://goo.gl/nSi3cb\nhttps://goo.gl/384Nrq\nhttps://goo.gl/XckbCJ\nhttps://goo.gl/71GvLa\nhttps://goo.gl/kvUbQv\nhttps://goo.gl/r5Kzr9\nhttps://goo.gl/gyK6pc\nhttps://goo.gl/bZa42g\nhttps://goo.gl/PqHR2E\nhttps://goo.gl/gWhv3E\nhttps://goo.gl/1nmW8A\nhttps://goo.gl/nL7tZp\nhttps://goo.gl/chJ6om\nhttps://goo.gl/F7myih\nhttps://goo.gl/QPSy6L\nhttps://goo.gl/tZyzLm\nhttps://goo.gl/svtLJj\nhttps://goo.gl/svtLJj\nhttps://goo.gl/tXQS3V\nhttps://goo.gl/FcmueK\nhttps://goo.gl/3nmZCr\nhttps://goo.gl/pjnAm2\nhttps://goo.gl/9y9Cy9\nhttps://goo.gl/jHE597\nhttps://goo.gl/qr3zxP\nhttps://goo.gl/XSnYXX\nhttps://goo.gl/5Kpmvm\nhttps://goo.gl/5nvFjV\nhttps://goo.gl/juLFcN\n\n\n➤ Subscribe: http://bit.ly/PAASubscribe\n➤ Submit Videos: http://bit.ly/SubmitPAA\n\n\nFacebook: http://bit.ly/fPAA\nInstagram: http://bit.ly/InstaPAA\nTwitter: http://bit.ly/tweetPAA\n\nFor business and licensing inquiries: contact@peopleareawesome.com\n\nPEOPLE ARE AWESOME is the number one destination for amazing, original videos and compilations of ordinary people doing extraordinary things. We feature all sorts of different extreme sports and activities other amazing feats, including parkour, skateboarding, tricking, cliff diving, wingsuit flying, skiing, snowboarding, surfing, BMX, acrobatics, calisthenics, cheerleading, freestyle football, basketball dunks, extreme pogo, freerunning, cycling, kayaking, frisbee trick shots, golf, martial arts, BASE jumping and many, many more a host of other action sports! Whether you’re searching in 2015 or any other year, check out our amazing and original action sports videos in HD where we show you why we think people are awesome!\n\nTo license any of the videos shown on People are Awesome, visit Jukin Media at http://jukinmedia.com/licensing"
sbcbvuitiTc,17.14.11,Stephon Marbury and Jimmer Fredette fight in China,NBA Highlights · YouTube,17,2017-11-10T18:23:05.000Z,NBA|"Basketball"|"Sports",956169,2017,2425,1447,https://i.ytimg.com/vi/sbcbvuitiTc/default.jpg,FALSE,FALSE,FALSE,
zNqCVTs38nU,17.14.11,Heidelberg's nifty hook-and-lateral to the left tackle,D3sports.com,17,2017-11-13T02:15:30.000Z,D3sports|"NCAA Division III"|"D3sports.com"|"D3football.com"|"Division III football"|"#d3fb"|"college football"|"Division III (Sports Association)",4569,35,18,19,https://i.ytimg.com/vi/zNqCVTs38nU/default.jpg,FALSE,FALSE,FALSE,"Tyler Stoyle hits Demetrius Magee for a short gain, who then laterals it to the left tackle, Brock Riggs, who comes around to score the touchdown for Heidelberg. It put the Student Princes up 49-20 on Capital in a Division III football game on Nov. 11, 2017."
DM-ni_LSOFE,17.14.11,"ELDERS REACT TO iPHONE X (Facial Recognition, Animojis)",FBE,24,2017-11-10T23:05:25.000Z,iPhone X|"animojis"|"facial recognition"|"ELDERS REACT TO iPHONE X Facial Recognition Animojis"|"elders react"|"react"|"reaction"|"thefinebros"|"fine brothers"|"fine brothers entertainment"|"finebros"|"fine bros"|"FBE"|"watch"|"review"|"for the first time"|"reviews"|"responds"|"respond"|"youtubers react"|"teens react"|"kids react"|"adults react"|"parents react"|"teenagers react"|"iphone"|"apple"|"iphone 8",2045386,45406,2842,8309,https://i.ytimg.com/vi/DM-ni_LSOFE/default.jpg,FALSE,FALSE,FALSE,"iPhoneX (Facial Recognition, Animojis) reacted to by Elders!\nWatch all main React episodes (Kids/Teens/Elders/Adults/YouTubers): http://goo.gl/4iDVa\nSUBSCRIBE THEN HIT THE �! New Videos 2pm PT on FBE! http://goo.gl/aFu8C\nWatch latest videos from FBE: https://goo.gl/aU5PSm\n\nElders react to the new iPhone X including animojis! Watch to see their reaction!\n\nFeatured Elders: \nAlex\nCatherine\nhttps://twitter.com/rocknrollElder\nDon\nhttps://twitter.com/donwblocker\nGary\nJohnny\nJosie\nRobert\nhttps://www.youtube.com/c/Robgoldston\nRuby\nhttps://twitter.com/rhayes11\nVera\n\nMERCH � https://www.shopfbe.com\n\nFollow Fine Brothers Entertainment:\nFBE WEBSITE: http://www.finebrosent.com\nFBE CHANNEL: http://www.youtube.com/FBE\nREACT CHANNEL: http://www.youtube.com/REACT\nBONUS CHANNEL: https://www.youtube.com/FBE2\nFACEBOOK: http://www.facebook.com/FBE\nFACEBOOK: http://www.facebook.com/FBEShows\nTWITTER: http://www.twitter.com/fbe\nINSTAGRAM: http://www.instagram.com/fbe\nSNAPCHAT: https://www.snapchat.com/add/finebros\nSOUNDCLOUD: https://soundcloud.com/fbepodcast\niTUNES (Podcast): https://goo.gl/DSdGFT\nGOOGLE PLAY (Podcast): https://goo.gl/UhL6bk\nMUSICAL.LY: @fbe\n\nSEND US STUFF:\nFBE\nP.O. BOX 4324\nValley Village, CA 91617-4324\n\nCreators & Executive Producers - Benny Fine & Rafi Fine\nHead of Post Production - Nick Bergthold\nSr.  Associate Producer - Kyle Segal\nAssociate Producer - Ethan Weiser, Vartuhi Oganesyan\nJr. Associate Producer - JC Chavez\nProduction Coordinator - Cynthia Garcia\nStudio Technician - Josh Hilton\nProduction Assistant - Jayden Romero, Lauren Hutchinson\nEditor - Luke Braun\nAssistant Editor - Austin Miller, Karen Rivas\nDirector of Production - Drew Roder\nAssistant Production Coordinator - Kristy Kiefer\nPost Supervisor - Adam Speas, David Valbuena\nMusic - Cormac Bluestone http://www.youtube.com/cormacbluestone\n\n© Fine Brothers Entertainment.\n\nElders React #129 - ELDERS REACT TO iPHONE X (Facial Recognition, Animojis)"
0PpNlNJ6Nng,17.14.11,Will It Watermarble?! Sister Edition | Watermarbling 9 random objects in nail polish!,Simply Nailogical,24,2017-11-11T19:03:43.000Z,nails|"nail art"|"nail tutorial"|"beauty tutorial"|"nail art tutorial"|"diy nails"|"easy nail art"|"diy nail art"|"cute nail art"|"simply nailogical"|"simplynailogical sister"|"simplynailogical jen"|"jenny"|"iphone"|"what's on my iphone"|"phone games"|"best fiends"|"sister fun"|"watermarble"|"will it watermarble"|"simplynailogical watermarble"|"watermarble nails"|"watermarble objects"|"hydrodipping"|"marble"|"nail polish marble",1842393,99086,1339,11800,https://i.ytimg.com/vi/0PpNlNJ6Nng/default.jpg,FALSE,FALSE,FALSE,"Guess who's back... back again... Jenny's back... don't tell a friend\nThis family friendly gameshow was sponsored by Best Fiends! Click here to download Best Fiends for FREE: http://download.BestFiends.com/BiggestEver\nWatch sister OUTTAKES & EXTRAS on my second channel: https://youtu.be/KK7-qnIvnT8\n\n♡ Subscribe to never miss n̶e̶w̶ ̶n̶a̶i̶l̶ ̶a̶r̶t̶ ̶t̶u̶t̶o̶r̶i̶a̶l̶s̶! http://bit.ly/subsimply\n♡ Subscribe to my SECOND CHANNEL for no reason: http://bit.ly/SubSimplyNot\n\nFollow my delinquent sis:\nhttps://twitter.com/jenrotey\nhttps://www.snapchat.com/add/jrotey\nhttps://www.instagram.com/jenrotey/\n\nWill It Watermarble Ep. 1: http://bit.ly/WatermarblingObjects\nMore videos with my sister Jen:\nhttp://bit.ly/DrunkWatermarble\nhttp://bit.ly/SisterFailsMyNails\nhttp://bit.ly/PaintingMySistersNails\nhttp://bit.ly/TestingUnicornTearsDrink\nhttp://bit.ly/SisterDoesMyMakeup\nhttp://bit.ly/BlueFinger\nhttp://bit.ly/SisterOuttakes1\nhttp://bit.ly/SisterMailogical\n\n_ _ _ _ _ _ _ _ _ _ _ _ _ _ _ _ _ _ _ _ _ _ _ _ _ _ _ _ _ _ _ _ _ _\n♡NEW HOLOgraphic hoodies merch: \nhttp://bit.ly/HOLOHoodies1\n\n♡ Nail polishes from my intro porno: \nhttp://bit.ly/SimplyNCollection1 or http://bit.ly/SimplyNCollection2 and use my code SIMPLY to save $!\n\n♡ My fav nail polishes, INTERNATIONAL shipping too ;)\nhttp://bit.ly/MenchiesFaves1\n\n♡ My cats' very own nail polishes: \nhttp://bit.ly/MenchieTheCatPolish1\nhttp://bit.ly/ZylerTheCatPolish1\n\n♡ My fav nail art products (brushes, mats, nail vinyls, loose glitter):\nhttp://bit.ly/NailVinyls1\n\n_ _ _ _ _ _ _ _ _ _ _ _ _ _ _ _ _ _ _ _ _ _ _ _ _ _ _ _ _ _ _ _ _ _\n\n♡PRODUCTS USED IN THIS VIDEO:♡\n\n♥ A crap ton of nail polish\n♥ Water\n\nON MY LEFT HAND: http://bit.ly/OuijaNails (actual nail art)\nON MY OTHER HAND: http://bit.ly/PinkLinHolo1\n\n_ _ _ _ _ _ _ _ _ _ _ _ _ _ _ _ _ _ _ _ _ _ _ _ _ _ _ _ _ _ _ _ _ _\n\n♡TIPS & TRICKS:♡\n\n♥ HOW TO GROW YOUR NAILS: http://bit.ly/GrowYourNailsFAST\n♥ NAILS USING ONLY PRODUCTS I HATE: http://bit.ly/NailStuffiHate\n♥ GLITTER YOU'VE BEEN DOING WRONG: http://bit.ly/WRONGvsRIGHTGlitter\n♥ 20 NAIL ART HACKS: http://bit.ly/20DIYNailArtHacks\n♥ 10 French tip designs that aren't boring AF: http://bit.ly/NotBoringFrenchTips\n♥ Best peel-off base coat?: http://bit.ly/BestPeelOffBaseCoatVid\n♥ Best black polish?: http://bit.ly/BlackNails1\n\n_ _ _ _ _ _ _ _ _ _ _ _ _ _ _ _ _ _ _ _ _ _ _ _ _ _ _ _ _ _ _ _ _ _\n\n~ ~ ~ HAVE SOME FUN BEFORE YOU DIE ZONE ~ ~ ~\n\n♡MUSIC VIDEO PREMIERE♡\nSing the holo polish anthem with me:\nhttp://bit.ly/HoloItsMe\n\nROASTING YOUTUBERS' NAILS: http://bit.ly/RoastingYoutubersNails\n\nROASTING MY SUBSCRIBERS' NAILS: http://bit.ly/RoastingUrNails\n\n♡PAINTING A CAR WITH NAIL POLISH♡\nhttp://bit.ly/NailPolishCar\n\n♡POLISH MOUNTAIN 100 COATS OF REGRET♡\nhttp://bit.ly/POLISHMOUNTAIN\n\n♡POLISH MOUNTAIN THE SEQUEL♡\nhttp://bit.ly/ReturnToPOLISHMOUNTAIN\n_ _ _ _ _ _ _ _ _ _ _ _ _ _ _ _ _ _ _ _ _ _ _ _ _ _ _ _ _ _ _ _ _ _\n\nStalk me on all the social medias!\n\nhttp://www.simplynailogical.com\nhttp://instagram.com/simplynailogical\nhttps://www.snapchat.com/add/simplynailogica\nhttps://twitter.com/nailogical\nhttps://www.facebook.com/simplynailogical\nhttps://youtube.com/user/simplynailogical\nhttps://www.youtube.com/c/simplynotlogical\nhttp://simplynailogical.tumblr.com/\n\n_ _ _ _ _ _ _ _ _ _ _ _ _ _ _ _ _ _ _ _ _ _ _ _ _ _ _ _ _ _ _ _ _ _\n\nI film my nail videos with this camera: http://amzn.to/1Mgznht\nThis 105mm macro lens: http://amzn.to/1Pi8PM3\nI film my face videos with this camera: http://amzn.to/2kgHIgU\nThis 24-70mm lens: http://amzn.to/2gXJpxQ\n\nI edit my videos with: http://bit.ly/videoeditor1\n\nVoiceover mic: http://amzn.to/1MefGpG\nOn-camera shotgun mic: http://amzn.to/1HA9nz2\nExternal mic: http://amzn.to/2cU7t3j\nRing light for face-cams: http://amzn.to/2cU7cNO\n\nCheck out my personalized Amazon page with stuff I like! https://www.amazon.com/shop/simplynailogical\n\nSee how to make your own amazing nail videos here: http://youtu.be/6k_GW0aso_k\n\nMusic: Epidemic Sounds\n_ _ _ _ _ _ _ _ _ _ _ _ _ _ _ _ _ _ _ _ _ _ _ _ _ _ _ _ _ _ _ _ _ _\n\nDisclaimer: This video was sponsored by Best Fiends! Some links above are affiliate links."
c-3JxzN2u34,17.14.11,Lin-Manuel Miranda's next act: Helping rebuild Puerto Rico,CBS Sunday Morning,25,2017-11-12T15:05:55.000Z,CBS Sunday Morning|"CBS News"|"news"|"On The Road"|"lin manuel miranda"|"puerto rico"|"hamilton"|"hurricane maria",6473,205,6,15,https://i.ytimg.com/vi/c-3JxzN2u34/default.jpg,FALSE,FALSE,FALSE,"Correspondent David Begnaud joins Lin-Manuel Miranda on a trip to hurricane-ravaged Puerto Rico. The creator and star of the Broadway musical Hamilton has been leading relief efforts (including creating a charity song and video, Almost Like Praying) for the island, which is still suffering nearly two months after Hurricane Maria decimated critical infrastructure, water and power supplies.\n\nSubscribe to the CBS Sunday Morning Channel HERE: http://bit.ly/20gXwJT\nGet more of CBS Sunday Morning HERE: http://cbsn.ws/1PlMmAz\nFollow CBS Sunday Morning on Instagram HERE: http://bit.ly/23XunIh\nLike CBS Sunday Morning on Facebook HERE: http://on.fb.me/1UUe0pY\nFollow CBS Sunday Morning on Twitter HERE: http://bit.ly/1RquoQb\nFollow CBS Sunday Morning on Google+ HERE: http://bit.ly/1O3jk4x\n\nGet the latest news and best in original reporting from CBS News delivered to your inbox. Subscribe to newsletters HERE: http://cbsn.ws/1RqHw7T\n\nGet your news on the go! Download CBS News mobile apps HERE: http://cbsn.ws/1Xb1WC8\n\nGet new episodes of shows you love across devices the next day, stream local news live, and watch full seasons of CBS fan favorites anytime, anywhere with CBS All Access. Try it free! http://bit.ly/1OQA29B\n\n---\nCBS Sunday Morning features stories on the arts, music, nature, entertainment, sports, history, science, Americana and highlights unique human accomplishments and achievements. Check local listings for CBS Sunday Morning broadcast times."
069D0NmW39o,17.14.11,"Wildest Superstar distractions: WWE Top 10, Nov. 11, 2017",WWE,17,2017-11-11T15:00:00.000Z,wwe|"world wrestling entertainment"|"wrestling"|"wrestler"|"wrestle"|"superstars"|"कुश्ती"|"पहलवान"|"डब्लू डब्लू ई"|"मैच"|"सुपरस्टार"|"व्यावसायिक कुश्ती"|"مصارعه"|"WWE Top 10"|"Stone Cold Steve Austin"|"Undertaker"|"Kurt Angle"|"Kofi Kingston"|"Xavier Woods"|"Big E"|"Christian"|"Dean Ambrose"|"John Cena"|"Boogeyman"|"top 10"|"wwe distraction"|"wwe best distractions"|"wwe clips"|"wwe youtube"|"best of wwe"|"best wrestling distractions",1044813,15397,838,1100,https://i.ytimg.com/vi/069D0NmW39o/default.jpg,FALSE,FALSE,FALSE,A timely distraction can create real trouble for any Superstar who steps in the ring. Count down 10 of the wildest distractions during a match that turned the Superstar being targeted into one being defeated.\nGet your first month of WWE Network for FREE: http://wwenetwork.com\nSubscribe to WWE on YouTube: http://bit.ly/1i64OdT\nVisit WWE.com: http://goo.gl/akf0J4\nMust-See WWE videos on YouTube: https://goo.gl/QmhBof
9t9u_yPEidY,17.14.11,"Jennifer Lopez - Amor, Amor, Amor (Official Video) ft. Wisin",JenniferLopezVEVO,10,2017-11-10T15:00:00.000Z,Jennifer Lopez ft. Wisin|"Jennifer Lopez ft. Wisin Music"|"Jennifer Lopez ft. Wisin Official Video"|"Jennifer Lopez ft. Wisin Video"|"Jennifer Lopez ft. Wisin Video Oficial"|"Jennifer Lopez ft. Wisin Nuevo Video"|"Jennifer Lopez ft. Wisin New Video"|"Amor"|"Amor Official Video"|"Official Video"|"Amor Single"|"Single"|"Jennifer Lopez ft. Wisin New Single"|"Jennifer Lopez ft. Wisin Single"|"Jennifer Lopez ft. Wisin Amor"|"Jennifer"|"Lopez",9548677,190083,15015,11473,https://i.ytimg.com/vi/9t9u_yPEidY/default.jpg,FALSE,FALSE,FALSE,"Jennifer Lopez ft. Wisin - Amor, Amor, Amor (Official Music Video)\n“Amor, Amor, Amor” is available on these digital platforms!\niTunes: http://smarturl.it/AAAi\nApple Music: http://smarturl.it/AAAap\nSpotify: http://smarturl.it/AAAs\nAmazon Music: http://smarturl.it/AAAam\nGoogle Play: http://smarturl.it/AAAgp\nVideo: http://smarturl.it/AAAv\nLinkfire: https://SML.lnk.to/AAA\n\nFollow JLO!\nOfficial Site: http://www.jenniferlopez.com\nFacebook: https://www.facebook.com/jenniferlopez\nInstagram: https://www.instagram.com/jlo\nTwitter: https://twitter.com/jlo\nOfficial music video by Jennifer Lopez ft. Wisin performing Amor, Amor, Amor. (C) 2017 Sony Music Entertainment US Latin LLC"
KODzih-pYlU,17.14.11,BLIND(folded) CAKE DECORATING CONTEST (with Molly Burke) // Grace Helbig,Grace Helbig,22,2017-11-11T18:08:04.000Z,itsgrace|"funny"|"comedy"|"vlog"|"grace"|"helbig"|"gracehelbig"|"dailygrace"|"daily"|"tutorial"|"diy"|"lifestyle",197062,7250,217,456,https://i.ytimg.com/vi/KODzih-pYlU/default.jpg,FALSE,FALSE,FALSE,"Molly is an god damn amazing human and she challenged me to a blind cake decorating contest! Who do you think won? (YES, I AGREE THAT MOLLY DEFINITELY WON)\nWatch the video we made on her channel and subscribe!\nhttps://www.youtube.com/user/MollyBurkeOfficial\n\nSnapChat: GraceHelbig\nhttp://twitter.com/gracehelbig\nhttp://gracehelbig.tumblr.com\nhttp://instagram.com/gracehelbig\nhttp://soundcloud.com/nottoodeepwithgrace\n\nMY STYLE GUIDE: http://amzn.to/2ntNQjM\nMY SELF HELP BOOK: http://amzn.to/2ntP1jq\nMY PODCAST: http://soundcloud.com/nottoodeepwithgrace\n\nHi, if you're new. I make 3 videos a week, Monday Wednesday and Friday. You might like them, you might hate them, but you can't unsee them. Unless you have amnesia."
8NHA23f7LvU,17.14.11,Jason Momoa Wows Hugh Grant With Some Dothraki | The Graham Norton Show,The Graham Norton Show,24,2017-11-10T19:06:23.000Z,Graham Norton|"Graham Norton Show Official"|"Entertainment"|"Chat Show"|"Graham Norton full episodes"|"the graham Norton show full eps"|"graham Norton full eps"|"watch graham Norton online"|"jason momoa"|"hugh grant"|"sarah millican"|"kelly clarkson"|"graham norton red chair"|"game of thrones",1496225,16116,236,605,https://i.ytimg.com/vi/8NHA23f7LvU/default.jpg,FALSE,FALSE,FALSE,I think Sarah Millican was very excited for this!\nSubscribe for weekly updates: http://www.youtube.com/subscription_center?add_user=officialgrahamnorton
w0XYVssCKjw,17.14.11,JaVale McGee's Parking Lot Chronicles: Episode 3,Kevin Durant,17,2017-11-11T20:00:02.000Z,javale mcgee|"golden state warriors"|"kevin durant"|"oakland"|"bay area"|"san francisco"|"oracle arena"|"e40"|"e-40"|"hip hop"|"rap"|"beats"|"beats by dre"|"life goes on"|"arthur"|"renowitzky"|"klay thompson"|"minnesota timberwolves"|"nick young"|"swaggy p",162597,5734,106,525,https://i.ytimg.com/vi/w0XYVssCKjw/default.jpg,FALSE,FALSE,FALSE,"The Parking Lot Chronicles return, coming at you on a rainy night in Oakland after the 11/8 win against the Timberwolves. Klay Thompson and Bay Area legend E-40 stop by, plus special guest Arthur Renowitzky tells his story and talks about his Life Goes On Foundation (http://www.lgof.org).\n\nWho do you wanna see on the next episode? Leave JaVale a note in the comments!\n\nExecutive Producers: JaVale McGee & Aloni Ford in conjunction with Thirty Five Media\n\nWatch JaVale's new music video: http://bit.ly/2yulAD1\nSubscribe for more: http://bit.ly/2tXIGi7"
9XSULcLI6Hg,17.14.11,Kellyanne Conway on Roy Moore This Week Abc: Trump’s Not Being Briefed On This Bit By Bit 11/12/17,JimBrowski 96HourNews,25,2017-11-12T15:24:29.000Z,KELLYANNE CONWAY ROY MOORE|"KELLYANNE CONWAY ROY MOORE THIS WEEK ABC"|"KELLYANNE CONWAY ROY MOORE THIS WEEK"|"KELLYANNE CONWAY THIS WEEK ABC 11/12/17"|"KELLYANNE CONWAY THIS WEEK ABC"|"KELLYANNE CONWAY"|"ROY MOORE"|"THIS WEEK ABC"|"POLITICS",9132,21,8,64,https://i.ytimg.com/vi/9XSULcLI6Hg/default.jpg,FALSE,FALSE,FALSE,"As President Donald Trump wraps up his 13-day Asia diplomacy trip, a political firestorm has blown up in his own party back home. Appearing on ABC’s This Week today, White House counselor Kellyanne Conway was asked about the disturbing allegations that Alabama GOP Senate candidate Roy Moore initiated sexual contact with a 14-year-old when he was 32.\nSpeaking to guest host Martha Raddatz, Conway noted that the “conduct described” in the allegations” should disqualify anyone from serving in public office.” She further pointed out that Trump has said that Moore should step aside “if the allegations are true.”\nConway went on to state that the president isn’t overly concerned with this story at the moment as his attention is focused on his Asia visit.\n“I will say that the president is not as focused on this as he is his major 13-day trip abroad,” Conway said. “So he made a statement, he’s sticking by that statement.”\nShe continued, “He’s not being briefed on this bit by bit. He’s very focused on trade agreements. He’s very focused on global cooperation on a ........”\nRaddatz pressed Conway if she questioned the veracity of the accusations, leading Conway to state that she can only go off of what she reads but that she doesn’t know the accusers or Roy Moore. At the same time, Conway said that we shouldn’t always be prosecuting people through the press."
pjuPpVLXDQg,17.14.11,Train Swipes Parked Vehicle,ViralHog,2,2017-11-13T00:46:11.000Z,2017|"viralhog"|"Crash"|"Fail"|"Featured"|"train"|"swipe"|"crashes"|"destroy"|"destroys"|"vehicle"|"parked"|"car"|"truck"|"Vietnam"|"accident"|"collision"|"trending",7265,89,8,22,https://i.ytimg.com/vi/pjuPpVLXDQg/default.jpg,FALSE,FALSE,FALSE,"Occurred on November 10, 2017 / Ha Noi, Vietnam\n\nWhen walking my dog on the street, I saw a train coming up to the truck parked by the trail. However, the truck driver sitting on the pavement opposite to the trail didn't do anything when hearing the horn from the train. As a result, the truck was destroyed by the train.\n\n\nTO SEE THE HOTTEST VIRAL VIDEOS DAILY...\nSubscribe to us on YouTube: https://goo.gl/A0gBKk\nLike us on Facebook: https://goo.gl/XQWqJt\nFollow us on Instagram: https://goo.gl/NMq8dl\nFollow us on Twitter: https://goo.gl/pF8Xop\n\nViralHog is the resource for the best viral content.  \nSubmit your own great video and make money: https://goo.gl/yejGkm\n\nContact licensing@viralhog.com to license this or any ViralHog video."
9xSx-5tmq44,17.14.11,Daddy's Home 2 - Movie Review,Jeremy Jahns,24,2017-11-11T06:34:48.000Z,daddy's home|"daddy's home 2"|"mel gibson"|"john lithgow"|"family"|"christmas"|"movie"|"review"|"Awesometacular"|"jeremy jahns",291597,8209,344,1062,https://i.ytimg.com/vi/9xSx-5tmq44/default.jpg,FALSE,FALSE,FALSE,Meet The Fockers meets...well...Daddy's Home. Here's my review of DADDY'S HOME 2!\n\n\nSee more videos by Jeremy here: http://www.youtube.com/user/JeremyJahns\n\nFollow Jeremy on Twitter: https://twitter.com/JeremyJahns\n\nFriend Jeremy on Facebook: http://www.facebook.com/RealJeremyJahns
